Draw Date,White Balls,MegaBall,Jackpot
03/18/2025,27 28 31 32 33,24,$301 Million
03/14/2025,3 17 39 42 70,1,$277 Million
03/11/2025,1 19 26 38 69,15,$256 Million
03/07/2025,8 20 48 58 60,7,$233 Million
03/04/2025,14 19 47 52 70,6,$215 Million
02/28/2025,9 19 30 35 66,16,$197 Million
02/25/2025,4 8 11 32 52,13,$181 Million
02/21/2025,1 13 28 37 46,10,$165 Million
02/18/2025,1 20 25 58 61,22,$145 Million
02/14/2025,11 19 31 49 56,16,$129 Million
02/11/2025,7 30 39 41 70,13,$110 Million
02/07/2025,4 24 32 41 55,16,$94 Million
02/04/2025,14 24 31 53 54,1,$77 Million
01/31/2025,9 28 48 56 63,2,$59 Million
01/28/2025,10 19 31 47 56,6,$44 Million
01/24/2025,8 12 43 52 62,18,$28 Million
01/21/2025,27 30 56 64 65,22,$20 Million
01/17/2025,8 10 37 54 69,22,$113 Million
01/14/2025,4 14 35 49 62,6,$95 Million
01/10/2025,9 23 39 65 66,22,$77 Million
01/07/2025,20 24 33 39 48,18,$62 Million
01/03/2025,20 42 46 59 69,19,$42 Million
12/31/2024,13 22 27 29 35,1,$20 Million
12/27/2024,3 7 37 49 55,6,$1.269 Billion
12/24/2024,11 14 38 45 46,3,$1 Billion
12/20/2024,2 20 51 56 67,19,$862 Million
12/17/2024,56 66 67 68 69,18,$760 Million
12/13/2024,36 43 52 58 65,16,$695 Million
12/10/2024,12 14 26 48 52,21,$619 Million
12/06/2024,16 21 33 39 45,24,$579 Million
12/03/2024,52 60 61 66 67,23,$541 Million
11/29/2024,3 29 34 37 38,17,$514 Million
11/26/2024,5 22 24 39 42,3,$489 Million
11/22/2024,13 20 26 32 65,2,$453 Million
11/19/2024,5 35 50 51 59,8,$420 Million
11/15/2024,5 17 35 55 69,19,$387 Million
11/12/2024,18 31 33 64 68,17,$361 Million
11/08/2024,25 28 42 64 69,19,$334 Million
11/05/2024,2 24 25 52 58,9,$303 Million
11/01/2024,11 22 42 46 51,4,$281 Million
10/29/2024,16 22 26 36 56,1,$250 Million
10/25/2024,23 26 35 41 43,7,$229 Million
10/22/2024,8 43 48 58 60,4,$205 Million
10/18/2024,4 9 26 39 58,23,$185 Million
10/15/2024,22 34 44 54 62,3,$169 Million
10/11/2024,3 10 29 52 57,20,$150 Million
10/08/2024,3 19 20 22 66,9,$129 Million
10/04/2024,21 39 42 43 45,3,$108 Million
10/01/2024,27 35 47 50 66,25,$93 Million
09/27/2024,29 46 53 69 70,23,$77 Million
09/24/2024,1 6 10 23 27,18,$62 Million
09/20/2024,20 21 40 49 55,11,$47 Million
09/17/2024,14 31 48 57 64,9,$31 Million
09/13/2024,21 55 56 57 66,1,$20 Million
09/10/2024,1 2 16 24 66,6,$800 Million
09/06/2024,6 23 41 59 63,25,$740 Million
09/03/2024,12 41 43 52 55,9,$681 Million
08/30/2024,10 17 20 24 54,8,$627 Million
08/27/2024,16 18 21 54 65,5,$582 Million
08/23/2024,28 30 44 66 69,2,$535 Million
08/20/2024,5 20 26 49 51,24,$498 Million
08/16/2024,22 38 48 51 61,5,$464 Million
08/13/2024,34 55 59 65 70,12,$435 Million
08/09/2024,12 32 38 40 57,21,$405 Million
08/06/2024,23 29 36 61 70,22,$374 Million
08/02/2024,6 7 24 44 54,13,$358 Million
07/30/2024,19 23 30 33 50,25,$331 Million
07/26/2024,2 14 33 58 65,3,$306 Million
07/23/2024,3 9 14 26 51,21,$279 Million
07/19/2024,10 17 23 50 67,3,$251 Million
07/16/2024,5 35 42 58 66,22,$226 Million
07/12/2024,15 35 48 53 68,8,$203 Million
07/09/2024,21 26 54 60 64,3,$181 Million
07/05/2024,6 15 32 54 67,4,$162 Million
07/02/2024,4 8 19 31 45,11,$137 Million
06/28/2024,28 31 33 42 66,24,$116 Million
06/25/2024,3 16 27 47 62,8,$97 Million
06/21/2024,3 18 27 40 44,19,$80 Million
06/18/2024,21 22 50 55 67,20,$61 Million
06/14/2024,1 25 26 31 65,2,$47 Million
06/11/2024,1 5 7 22 24,8,$30 Million
06/07/2024,3 5 12 22 66,7,$20 Million
06/04/2024,19 37 40 63 69,17,$552 Million
05/31/2024,4 11 23 33 49,23,$522 Million
05/28/2024,12 18 48 57 62,4,$489 Million
05/24/2024,46 54 56 67 70,16,$453 Million
05/21/2024,2 5 8 28 69,14,$421 Million
05/17/2024,8 17 40 60 70,3,$393 Million
05/14/2024,13 19 43 62 64,6,$363 Million
05/10/2024,13 22 26 32 65,18,$331 Million
05/07/2024,26 28 36 63 66,15,$306 Million
05/03/2024,6 13 15 53 56,11,$284 Million
04/30/2024,10 18 27 37 61,5,$257 Million
04/26/2024,15 23 53 57 61,9,$228 Million
04/23/2024,11 17 33 39 43,14,$202 Million
04/19/2024,19 30 34 46 58,3,$178 Million
04/16/2024,21 26 36 44 59,2,$148 Million
04/12/2024,1 12 14 18 66,16,$125 Million
04/09/2024,34 43 51 52 69,25,$97 Million
04/05/2024,20 30 54 63 65,14,$67 Million
04/02/2024,10 50 56 60 66,19,$45 Million
03/29/2024,11 30 33 38 60,16,$20 Million
03/26/2024,7 11 22 29 38,4,$1.128 Billion
03/22/2024,3 8 31 35 44,16,$977 Million
03/19/2024,24 46 49 62 66,7,$893 Million
03/15/2024,13 25 50 51 66,6,$815 Million
03/12/2024,2 16 31 57 64,24,$735 Million
03/08/2024,19 20 22 47 58,1,$687 Million
03/05/2024,2 49 50 61 70,14,$650 Million
03/01/2024,15 33 37 55 61,24,$607 Million
02/27/2024,6 18 26 27 49,4,$563 Million
02/23/2024,4 6 40 41 60,11,$525 Million
02/20/2024,5 45 55 58 68,7,$493 Million
02/16/2024,19 23 39 42 67,18,$457 Million
02/13/2024,1 3 19 25 58,20,$425 Million
02/09/2024,17 22 29 46 69,1,$394 Million
02/06/2024,2 10 31 44 57,10,$365 Million
02/02/2024,11 22 42 64 69,18,$333 Million
01/30/2024,3 5 16 58 59,11,$311 Million
01/26/2024,14 31 34 50 61,13,$285 Million
01/23/2024,21 28 58 69 70,20,$262 Million
01/19/2024,1 9 16 17 30,17,$236 Million
01/16/2024,2 10 42 49 54,13,$208 Million
01/12/2024,19 34 35 45 67,7,$187 Million
01/09/2024,12 15 32 33 53,24,$165 Million
01/05/2024,5 23 26 38 44,25,$140 Million
01/02/2024,3 18 27 29 64,1,$114 Million
12/29/2023,11 27 30 62 70,10,$92 Million
12/26/2023,8 10 22 58 64,21,$73 Million
12/22/2023,10 26 36 54 69,4,$57 Million
12/19/2023,17 26 50 58 61,11,$41 Million
12/15/2023,10 20 28 40 54,12,$28 Million
12/12/2023,8 23 44 45 53,3,$20 Million
12/08/2023,21 26 53 66 70,13,$395 Million
12/05/2023,18 35 40 64 67,18,$377 Million
12/01/2023,12 47 49 52 65,12,$355 Million
11/28/2023,27 37 42 59 61,11,$335 Million
11/24/2023,6 15 45 59 68,1,$308 Million
11/21/2023,17 22 25 30 38,24,$289 Million
11/17/2023,6 12 31 33 69,17,$267 Million
11/14/2023,29 35 59 61 69,22,$245 Million
11/10/2023,13 33 59 68 70,8,$223 Million
11/07/2023,3 11 33 42 52,20,$196 Million
11/03/2023,15 32 38 47 65,12,$181 Million
10/31/2023,14 35 37 55 70,15,$159 Million
10/27/2023,11 32 43 57 70,6,$137 Million
10/24/2023,16 20 30 54 59,7,$114 Million
10/20/2023,7 29 36 49 61,22,$91 Million
10/17/2023,5 6 29 32 61,20,$69 Million
10/13/2023,6 18 44 46 68,18,$48 Million
10/10/2023,3 8 17 46 63,7,$20 Million
10/06/2023,12 24 46 57 66,22,$360 Million
10/03/2023,3 19 32 39 59,24,$315 Million
09/29/2023,18 40 47 55 64,11,$267 Million
09/26/2023,15 30 35 42 60,16,$230 Million
09/22/2023,10 13 14 57 66,3,$205 Million
09/19/2023,6 9 13 29 66,24,$183 Million
09/15/2023,5 13 29 50 53,25,$162 Million
09/12/2023,2 14 21 42 67,18,$141 Million
09/08/2023,3 12 17 51 62,1,$122 Million
09/05/2023,3 43 50 51 65,13,$101 Million
09/01/2023,10 31 42 43 55,8,$85 Million
08/29/2023,9 39 52 61 63,25,$67 Million
08/25/2023,12 23 26 31 38,2,$52 Million
08/22/2023,1 12 26 36 50,7,$33 Million
08/18/2023,10 20 29 44 66,11,$20 Million
08/15/2023,18 39 42 57 63,7,$36 Million
08/11/2023,8 9 18 35 41,18,$20 Million
08/08/2023,13 19 20 32 33,14,$1.602 Billion
08/04/2023,11 30 45 52 56,20,$1.35 Billion
08/01/2023,8 24 30 45 61,12,$1.1 Billion
07/28/2023,5 10 28 52 63,18,$940 Million
07/25/2023,3 5 6 44 61,25,$820 Million
07/21/2023,29 40 47 50 57,25,$720 Million
07/18/2023,19 22 31 37 54,18,$640 Million
07/14/2023,10 24 48 51 66,15,$560 Million
07/11/2023,10 17 33 51 64,5,$500 Million
07/07/2023,8 10 17 55 66,3,$450 Million
07/04/2023,21 33 54 61 67,12,$400 Million
06/30/2023,13 22 47 51 55,9,$368 Million
06/27/2023,8 34 35 41 52,12,$343 Million
06/23/2023,13 62 65 67 69,14,$320 Million
06/20/2023,6 37 39 45 46,21,$300 Million
06/16/2023,4 24 34 45 57,19,$281 Million
06/13/2023,8 10 19 44 47,4,$260 Million
06/09/2023,3 19 53 60 68,13,$240 Million
06/06/2023,6 12 23 29 57,4,$218 Million
06/02/2023,3 16 19 36 60,25,$203 Million
05/30/2023,13 16 40 64 68,21,$187 Million
05/26/2023,12 20 37 41 64,1,$169 Million
05/23/2023,3 10 22 65 66,19,$150 Million
05/19/2023,5 11 41 44 55,14,$132 Million
05/16/2023,15 34 36 69 70,17,$113 Million
05/12/2023,1 2 23 40 45,15,$99 Million
05/09/2023,4 37 46 48 51,19,$83 Million
05/05/2023,16 18 28 42 43,11,$68 Million
05/02/2023,3 15 16 32 41,9,$52 Million
04/28/2023,18 38 53 62 64,20,$38 Million
04/25/2023,8 29 46 47 48,12,$26 Million
04/21/2023,3 21 29 46 63,9,$20 Million
04/18/2023,7 9 15 19 25,4,$20 Million
04/14/2023,23 27 41 48 51,22,$476 Million
04/11/2023,31 35 53 54 55,24,$441 Million
04/07/2023,12 32 49 51 66,21,$414 Million
04/04/2023,1 37 45 62 64,4,$385 Million
03/31/2023,16 26 27 42 61,23,$355 Million
03/28/2023,2 3 18 32 68,24,$322 Million
03/24/2023,14 17 33 42 66,15,$302 Million
03/21/2023,1 21 25 27 40,11,$272 Million
03/17/2023,26 28 29 39 49,25,$254 Million
03/14/2023,1 7 23 38 55,2,$229 Million
03/10/2023,9 20 59 60 63,5,$203 Million
03/07/2023,15 22 25 28 69,21,$188 Million
03/03/2023,8 25 36 39 67,11,$167 Million
02/28/2023,14 16 40 52 59,13,$145 Million
02/24/2023,2 22 49 65 67,7,$126 Million
02/21/2023,2 15 30 36 63,24,$104 Million
02/17/2023,2 33 38 57 70,13,$84 Million
02/14/2023,23 24 35 40 43,1,$67 Million
02/10/2023,20 29 30 52 58,19,$50 Million
02/07/2023,9 15 46 55 57,4,$31 Million
02/03/2023,1 4 50 54 59,17,$20 Million
01/31/2023,7 9 18 29 39,13,$31 Million
01/27/2023,4 43 46 47 61,22,$20 Million
01/24/2023,33 41 47 50 62,20,$33 Million
01/20/2023,20 29 31 64 66,17,$20 Million
01/17/2023,2 12 18 24 39,18,$20 Million
01/13/2023,30 43 45 46 61,14,$1.348 Billion
01/10/2023,7 13 14 15 18,9,$1.1 Billion
01/06/2023,3 20 46 59 63,13,$940 Million
01/03/2023,25 29 33 41 44,18,$785 Million
12/30/2022,1 3 6 44 51,7,$685 Million
12/27/2022,9 13 36 59 61,11,$565 Million
12/23/2022,15 21 32 38 62,8,$510 Million
12/20/2022,3 4 33 36 52,17,$465 Million
12/16/2022,8 35 40 53 56,11,$429 Million
12/13/2022,14 22 48 58 68,6,$400 Million
12/09/2022,8 19 53 61 69,19,$379 Million
12/06/2022,15 16 19 28 47,13,$354 Million
12/02/2022,1 21 36 46 52,16,$333 Million
11/29/2022,20 23 37 46 52,6,$305 Million
11/25/2022,29 31 46 54 67,18,$284 Million
11/22/2022,13 23 24 25 43,2,$259 Million
11/18/2022,2 14 16 38 66,9,$238 Million
11/15/2022,6 19 28 46 61,18,$207 Million
11/11/2022,1 5 17 37 70,22,$189 Million
11/08/2022,5 13 29 38 59,23,$154 Million
11/04/2022,2 20 47 55 59,19,$119 Million
11/01/2022,5 9 15 16 17,25,$87 Million
10/28/2022,4 18 31 53 69,7,$64 Million
10/25/2022,21 30 35 45 66,21,$45 Million
10/21/2022,34 36 43 45 68,22,$30 Million
10/18/2022,1 15 20 44 67,23,$20 Million
10/14/2022,9 22 26 41 44,19,$502 Million
10/11/2022,3 7 11 13 38,1,$445 Million
10/07/2022,6 11 29 36 55,21,$410 Million
10/04/2022,15 18 25 33 38,25,$380 Million
09/30/2022,16 26 37 40 51,6,$355 Million
09/27/2022,8 14 24 43 51,9,$325 Million
09/23/2022,5 50 53 58 64,22,$301 Million
09/20/2022,9 21 28 30 52,10,$277 Million
09/16/2022,15 30 35 38 66,12,$256 Million
09/13/2022,14 25 38 59 64,21,$231 Million
09/09/2022,16 21 54 55 69,22,$210 Million
09/06/2022,6 17 46 59 68,2,$191 Million
09/02/2022,39 40 52 60 67,20,$169 Million
08/30/2022,2 38 55 57 65,17,$153 Million
08/26/2022,6 27 30 38 64,23,$135 Million
08/23/2022,3 5 47 48 67,7,$116 Million
08/19/2022,12 18 24 46 65,3,$99 Million
08/16/2022,33 35 41 45 51,1,$82 Million
08/12/2022,23 24 50 54 64,3,$65 Million
08/09/2022,1 8 10 25 32,13,$52 Million
08/05/2022,2 5 29 64 69,18,$36 Million
08/02/2022,10 14 25 37 63,14,$20 Million
07/29/2022,13 36 45 57 67,14,$1.337 Billion
07/26/2022,7 29 60 63 66,15,$830 Million
07/22/2022,14 40 60 64 66,16,$660 Million
07/19/2022,2 31 32 37 70,25,$555 Million
07/15/2022,8 20 26 53 64,15,$480 Million
07/12/2022,4 7 10 45 64,12,$440 Million
07/08/2022,20 36 61 62 69,20,$410 Million
07/05/2022,27 31 50 51 61,21,$370 Million
07/01/2022,1 27 29 38 62,12,$360 Million
06/28/2022,7 12 21 43 55,11,$333 Million
06/24/2022,1 7 11 25 56,14,$312 Million
06/21/2022,8 13 18 32 42,20,$290 Million
06/17/2022,20 36 53 56 69,16,$273 Million
06/14/2022,30 37 38 42 58,22,$247 Million
06/10/2022,3 12 14 18 32,4,$226 Million
06/07/2022,4 34 40 41 53,3,$207 Million
06/03/2022,11 16 22 48 59,11,$189 Million
05/31/2022,6 15 41 63 64,24,$170 Million
05/27/2022,3 14 40 53 54,8,$157 Million
05/24/2022,3 5 6 63 68,25,$143 Million
05/20/2022,33 40 59 60 69,22,$131 Million
05/17/2022,7 21 24 41 65,24,$112 Million
05/13/2022,11 41 43 44 65,13,$99 Million
05/10/2022,15 19 20 61 70,9,$86 Million
05/06/2022,16 21 33 52 70,10,$70 Million
05/03/2022,15 19 27 35 57,17,$57 Million
04/29/2022,9 11 34 49 66,15,$43 Million
04/26/2022,5 7 19 46 69,2,$31 Million
04/22/2022,7 28 29 58 59,10,$22 Million
04/19/2022,2 9 33 47 53,24,$20 Million
04/15/2022,4 17 20 46 64,23,$20 Million
04/12/2022,2 8 14 20 31,17,$106 Million
04/08/2022,8 11 29 32 40,2,$94 Million
04/05/2022,22 43 60 63 64,18,$81 Million
04/01/2022,26 42 47 48 63,21,$70 Million
03/29/2022,7 22 36 45 47,12,$60 Million
03/25/2022,3 13 42 51 58,17,$50 Million
03/22/2022,8 15 21 27 61,8,$39 Million
03/18/2022,2 6 25 40 45,5,$29 Million
03/15/2022,9 14 28 59 60,24,$22 Million
03/11/2022,24 28 39 44 66,25,$20 Million
03/08/2022,7 18 38 58 64,24,$126 Million
03/04/2022,11 19 28 46 47,5,$113 Million
03/01/2022,18 22 38 39 50,18,$102 Million
02/25/2022,15 31 40 56 66,4,$87 Million
02/22/2022,6 17 22 57 62,3,$75 Million
02/18/2022,6 11 50 63 68,17,$64 Million
02/15/2022,2 4 15 21 63,19,$53 Million
02/11/2022,11 16 23 24 30,24,$42 Million
02/08/2022,1 17 20 52 54,2,$31 Million
02/04/2022,7 16 34 44 61,24,$22 Million
02/01/2022,11 24 38 62 66,1,$20 Million
01/28/2022,3 16 25 44 55,13,$426 Million
01/25/2022,3 12 38 53 58,13,$396 Million
01/21/2022,38 45 46 55 67,18,$376 Million
01/18/2022,4 19 39 42 52,9,$347 Million
01/14/2022,5 8 13 22 48,25,$325 Million
01/11/2022,2 3 19 52 58,16,$300 Million
01/07/2022,7 29 43 56 57,6,$278 Million
01/04/2022,4 6 16 21 22,1,$253 Million
12/31/2021,2 5 30 46 61,8,$221 Million
12/28/2021,3 5 8 31 38,4,$201 Million
12/24/2021,16 17 25 36 37,16,$187 Million
12/21/2021,25 31 58 64 67,24,$171 Million
12/17/2021,21 32 38 48 62,10,$160 Million
12/14/2021,33 35 44 55 69,20,$148 Million
12/10/2021,23 25 40 42 60,8,$135 Million
12/07/2021,1 7 40 43 68,1,$122 Million
12/03/2021,22 45 48 58 61,13,$112 Million
11/30/2021,7 8 26 30 39,17,$102 Million
11/26/2021,7 27 37 42 59,2,$94 Million
11/23/2021,7 24 54 57 58,6,$83 Million
11/19/2021,5 23 52 53 59,18,$74 Million
11/16/2021,6 22 44 53 65,3,$63 Million
11/12/2021,30 32 42 46 48,15,$53 Million
11/09/2021,9 14 16 26 49,14,$45 Million
11/05/2021,10 15 20 66 68,18,$36 Million
11/02/2021,5 10 26 58 65,9,$26 Million
10/29/2021,15 26 28 35 45,4,$22 Million
10/26/2021,6 14 19 56 62,9,$20 Million
10/22/2021,9 14 26 29 66,22,$108 Million
10/19/2021,3 12 13 19 52,1,$94 Million
10/15/2021,3 20 31 34 65,18,$84 Million
10/12/2021,21 26 56 61 65,4,$73 Million
10/08/2021,21 24 36 40 70,22,$60 Million
10/05/2021,7 11 18 30 36,4,$45 Million
10/01/2021,21 25 36 62 63,6,$34 Million
09/28/2021,18 30 43 68 69,22,$22 Million
09/24/2021,17 21 27 43 56,15,$20 Million
09/21/2021,36 41 45 51 56,13,$431 Million
09/17/2021,17 32 40 59 61,18,$405 Million
09/14/2021,4 13 19 63 64,16,$383 Million
09/10/2021,20 32 35 47 64,18,$368 Million
09/07/2021,15 17 25 32 53,12,$345 Million
09/03/2021,7 10 12 61 65,3,$323 Million
08/31/2021,8 14 31 58 68,15,$306 Million
08/27/2021,1 10 44 47 56,23,$288 Million
08/24/2021,17 18 26 52 67,19,$270 Million
08/20/2021,41 43 51 57 70,1,$256 Million
08/17/2021,3 6 16 38 56,24,$242 Million
08/13/2021,17 21 35 40 53,11,$225 Million
08/10/2021,29 45 50 59 62,12,$208 Million
08/06/2021,9 18 40 46 69,9,$191 Million
08/03/2021,1 9 17 27 34,24,$179 Million
07/30/2021,19 26 31 52 68,10,$166 Million
07/27/2021,2 35 36 54 64,11,$153 Million
07/23/2021,13 17 19 40 69,17,$140 Million
07/20/2021,10 26 30 52 57,10,$128 Million
07/16/2021,24 25 47 52 57,24,$117 Million
07/13/2021,3 10 17 26 55,24,$104 Million
07/09/2021,6 37 39 41 46,17,$94 Million
07/06/2021,18 47 63 68 69,14,$82 Million
07/02/2021,8 31 32 34 45,19,$72 Million
06/29/2021,7 38 50 52 69,21,$61 Million
06/25/2021,17 20 42 45 65,12,$50 Million
06/22/2021,1 26 48 51 59,25,$40 Million
06/18/2021,14 36 44 46 53,18,$30 Million
06/15/2021,18 22 27 38 52,11,$22 Million
06/11/2021,4 43 56 63 68,13,$20 Million
06/08/2021,9 22 39 41 54,19,$56 Million
06/04/2021,4 30 34 41 64,8,$45 Million
06/01/2021,7 11 33 58 63,23,$34 Million
05/28/2021,10 14 20 47 70,15,$22 Million
05/25/2021,14 21 31 34 54,11,$20 Million
05/21/2021,6 9 17 18 48,8,$516 Million
05/18/2021,3 5 56 61 66,4,$475 Million
05/14/2021,3 18 41 44 68,3,$430 Million
05/11/2021,7 8 20 36 39,22,$402 Million
05/07/2021,5 10 19 21 50,10,$370 Million
05/04/2021,4 27 32 57 63,22,$345 Million
04/30/2021,8 19 26 48 49,5,$319 Million
04/27/2021,15 22 30 41 42,25,$297 Million
04/23/2021,4 28 29 30 60,25,$277 Million
04/20/2021,6 23 43 49 52,5,$257 Million
04/16/2021,17 27 28 50 55,25,$240 Million
04/13/2021,10 15 19 45 68,9,$220 Million
04/09/2021,22 26 27 58 66,12,$201 Million
04/06/2021,1 19 20 32 42,17,$184 Million
04/02/2021,10 42 48 53 62,19,$168 Million
03/30/2021,11 37 47 53 56,15,$152 Million
03/26/2021,4 25 37 46 67,15,$137 Million
03/23/2021,12 23 35 38 55,11,$122 Million
03/19/2021,9 14 40 58 69,8,$105 Million
03/16/2021,10 41 46 52 69,8,$93 Million
03/12/2021,2 24 25 31 65,18,$79 Million
03/09/2021,4 33 46 58 65,13,$68 Million
03/05/2021,10 11 17 27 54,20,$55 Million
03/02/2021,4 8 13 34 64,18,$43 Million
02/26/2021,11 15 37 62 64,5,$30 Million
02/23/2021,5 7 9 20 57,15,$22 Million
02/19/2021,27 32 47 50 53,4,$20 Million
02/16/2021,1 36 44 54 66,10,$96 Million
02/12/2021,5 14 24 25 27,14,$82 Million
02/09/2021,7 18 21 31 40,9,$68 Million
02/05/2021,14 17 28 29 44,2,$54 Million
02/02/2021,13 37 38 40 67,10,$42 Million
01/29/2021,4 44 58 59 70,3,$25 Million
01/26/2021,29 49 56 66 67,24,$20 Million
01/22/2021,4 26 42 50 60,24,$1.05 Billion
01/19/2021,10 19 26 28 50,16,$865 Million
01/15/2021,3 11 12 38 43,15,$750 Million
01/12/2021,12 14 26 28 33,9,$625 Million
01/08/2021,3 6 16 18 58,11,$520 Million
01/05/2021,20 43 51 55 57,4,$447 Million
01/01/2021,8 24 53 68 69,7,$401 Million
12/29/2020,1 31 35 48 62,19,$376 Million
12/25/2020,17 23 36 69 70,19,$352 Million
12/22/2020,29 53 56 59 67,21,$330 Million
12/18/2020,7 15 25 51 60,5,$310 Million
12/15/2020,1 10 18 20 46,15,$291 Million
12/11/2020,19 31 37 55 67,25,$276 Million
12/08/2020,15 19 33 39 68,25,$264 Million
12/04/2020,3 19 24 44 50,8,$244 Million
12/01/2020,7 33 53 61 65,14,$229 Million
11/27/2020,4 10 27 35 58,10,$214 Million
11/24/2020,9 15 34 61 64,6,$200 Million
11/20/2020,26 33 45 61 68,17,$188 Million
11/17/2020,8 13 35 46 68,16,$176 Million
11/13/2020,6 7 14 28 59,7,$165 Million
11/10/2020,23 45 53 58 62,13,$152 Million
11/06/2020,18 24 27 34 60,2,$142 Million
11/03/2020,7 31 44 45 55,19,$129 Million
10/30/2020,14 19 34 39 59,11,$118 Million
10/27/2020,6 13 34 46 62,1,$109 Million
10/23/2020,18 34 44 60 69,22,$97 Million
10/20/2020,46 54 57 58 66,10,$86 Million
10/16/2020,27 32 50 52 57,12,$77 Million
10/13/2020,11 44 45 46 70,25,$69 Million
10/09/2020,5 11 25 27 64,13,$60 Million
10/06/2020,15 16 18 39 59,17,$50 Million
10/02/2020,9 38 47 49 68,25,$41 Million
09/29/2020,14 39 43 44 67,19,$32 Million
09/25/2020,20 36 37 48 67,16,$24 Million
09/22/2020,36 43 44 55 68,12,$22 Million
09/18/2020,26 29 41 52 64,11,$20 Million
09/15/2020,25 28 38 59 62,22,$119 Million
09/11/2020,3 15 42 48 56,13,$108 Million
09/08/2020,7 10 15 31 57,21,$97 Million
09/04/2020,19 22 24 28 53,25,$88 Million
09/01/2020,15 25 26 38 47,22,$78 Million
08/28/2020,3 9 50 53 64,1,$68 Million
08/25/2020,8 10 15 17 57,12,$57 Million
08/21/2020,11 15 31 42 63,14,$49 Million
08/18/2020,4 18 26 27 58,23,$40 Million
08/14/2020,3 24 29 42 47,13,$31 Million
08/11/2020,8 22 29 43 56,9,$24 Million
08/07/2020,4 44 53 64 70,3,$22 Million
08/04/2020,2 22 30 42 62,20,$20 Million
07/31/2020,12 35 46 48 69,23,$22 Million
07/28/2020,17 20 27 31 34,19,$20 Million
07/24/2020,8 33 39 54 58,17,$124 Million
07/21/2020,14 25 26 41 43,15,$113 Million
07/17/2020,12 13 21 46 57,21,$101 Million
07/14/2020,6 26 55 56 64,22,$91 Million
07/10/2020,10 15 20 49 53,22,$83 Million
07/07/2020,16 20 25 30 43,18,$73 Million
07/03/2020,20 40 44 45 50,24,$62 Million
06/30/2020,9 16 29 37 53,11,$53 Million
06/26/2020,19 33 37 56 57,6,$44 Million
06/23/2020,6 20 37 40 48,15,$35 Million
06/19/2020,11 34 36 52 66,7,$26 Million
06/16/2020,21 23 33 35 42,6,$22 Million
06/12/2020,9 14 57 67 70,2,$20 Million
06/09/2020,1 5 9 10 23,22,$414 Million
06/05/2020,32 35 37 47 55,22,$378 Million
06/02/2020,9 20 23 26 29,8,$356 Million
05/29/2020,10 13 32 41 51,3,$336 Million
05/26/2020,34 52 58 59 62,4,$313 Million
05/22/2020,8 10 20 44 46,18,$298 Million
05/19/2020,8 19 25 36 66,9,$274 Million
05/15/2020,11 17 32 33 46,25,$266 Million
05/12/2020,7 16 27 44 52,5,$248 Million
05/08/2020,5 20 22 61 70,4,$231 Million
05/05/2020,7 13 17 21 45,14,$215 Million
05/01/2020,28 30 31 35 66,14,$200 Million
04/28/2020,13 19 53 54 63,17,$186 Million
04/24/2020,1 27 32 60 67,18,$174 Million
04/21/2020,13 15 24 67 70,17,$164 Million
04/17/2020,13 35 39 46 55,14,$159 Million
04/14/2020,29 47 65 69 70,7,$145 Million
04/10/2020,2 11 21 57 60,13,$136 Million
04/07/2020,25 33 43 51 68,20,$127 Million
04/03/2020,24 38 44 57 58,17,$121 Million
03/31/2020,8 17 51 57 70,2,$113 Million
03/27/2020,3 25 28 50 60,1,$107 Million
03/24/2020,2 8 16 18 31,14,$101 Million
03/20/2020,34 35 41 45 54,5,$96 Million
03/17/2020,20 27 28 58 59,25,$90 Million
03/13/2020,7 22 37 43 44,22,$80 Million
03/10/2020,6 17 48 54 69,12,$75 Million
03/06/2020,15 48 56 58 70,4,$70 Million
03/03/2020,8 12 33 56 64,2,$65 Million
02/28/2020,2 3 14 41 64,17,$60 Million
02/25/2020,2 9 43 49 63,15,$55 Million
02/21/2020,4 7 13 16 60,6,$50 Million
02/18/2020,6 12 39 61 70,4,$45 Million
02/14/2020,10 32 48 54 55,18,$40 Million
02/11/2020,4 6 32 52 64,6,$202 Million
02/07/2020,9 14 27 36 52,4,$187 Million
02/04/2020,32 48 50 51 64,10,$168 Million
01/31/2020,28 31 33 57 62,19,$155 Million
01/28/2020,17 36 47 51 62,21,$141 Million
01/24/2020,3 4 18 23 38,24,$130 Million
01/21/2020,16 18 29 31 37,8,$116 Million
01/17/2020,3 25 30 54 70,9,$103 Million
01/14/2020,9 11 13 31 47,11,$91 Million
01/10/2020,17 27 49 51 66,2,$80 Million
01/07/2020,25 40 41 52 56,21,$69 Million
01/03/2020,37 41 42 53 63,16,$60 Million
12/31/2019,30 44 49 53 56,11,$55 Million
12/27/2019,17 34 40 63 64,24,$50 Million
12/24/2019,27 37 48 63 66,11,$45 Million
12/20/2019,3 20 23 35 60,16,$40 Million
12/17/2019,22 30 53 55 56,16,$372 Million
12/13/2019,17 21 29 39 56,22,$340 Million
12/10/2019,18 31 46 54 61,25,$314 Million
12/06/2019,20 31 40 46 61,20,$285 Million
12/03/2019,23 43 60 63 69,19,$266 Million
11/29/2019,6 8 31 50 65,9,$243 Million
11/26/2019,8 27 29 38 43,13,$226 Million
11/22/2019,7 12 17 49 53,24,$208 Million
11/19/2019,22 43 44 47 66,22,$192 Million
11/15/2019,12 19 34 35 68,20,$178 Million
11/12/2019,19 30 44 56 65,24,$163 Million
11/08/2019,3 4 10 39 58,14,$145 Million
11/05/2019,2 9 24 49 54,19,$127 Million
11/01/2019,9 20 36 41 54,22,$118 Million
10/29/2019,4 9 17 27 39,22,$105 Million
10/25/2019,16 24 25 52 60,6,$93 Million
10/22/2019,5 11 14 23 25,10,$82 Million
10/18/2019,18 58 60 65 67,20,$71 Million
10/15/2019,4 12 14 35 70,2,$65 Million
10/11/2019,14 22 30 37 60,8,$60 Million
10/08/2019,5 8 10 17 48,23,$55 Million
10/04/2019,11 38 44 48 70,17,$50 Million
10/01/2019,10 17 39 42 59,3,$45 Million
09/27/2019,12 20 31 43 45,20,$40 Million
09/24/2019,6 14 24 42 46,9,$227 Million
09/20/2019,23 24 42 48 53,22,$211 Million
09/17/2019,12 15 30 50 65,1,$192 Million
09/13/2019,6 16 37 59 62,5,$172 Million
09/10/2019,34 47 48 50 55,24,$154 Million
09/06/2019,4 11 13 19 31,10,$139 Million
09/03/2019,13 20 27 61 62,5,$127 Million
08/30/2019,3 9 11 34 39,10,$113 Million
08/27/2019,8 12 23 39 43,6,$103 Million
08/23/2019,11 15 37 54 68,21,$90 Million
08/20/2019,8 14 25 51 63,4,$79 Million
08/16/2019,4 14 24 26 46,14,$70 Million
08/13/2019,7 27 31 34 51,5,$65 Million
08/09/2019,15 53 56 59 63,1,$60 Million
08/06/2019,11 17 31 43 55,16,$55 Million
08/02/2019,11 20 26 48 70,19,$50 Million
07/30/2019,10 24 28 33 38,6,$45 Million
07/26/2019,4 6 11 43 48,11,$40 Million
07/23/2019,1 4 23 40 45,11,$168 Million
07/19/2019,16 18 28 33 67,14,$154 Million
07/16/2019,8 16 31 48 52,23,$137 Million
07/12/2019,8 25 38 56 59,7,$121 Million
07/09/2019,12 26 40 48 64,1,$107 Million
07/05/2019,6 38 47 57 63,12,$95 Million
07/02/2019,3 25 37 40 55,13,$83 Million
06/28/2019,2 35 49 53 63,1,$71 Million
06/25/2019,24 33 45 47 61,17,$60 Million
06/21/2019,13 30 36 48 62,18,$55 Million
06/18/2019,12 14 22 24 48,21,$50 Million
06/14/2019,19 40 47 57 65,6,$45 Million
06/11/2019,20 34 39 43 57,13,$40 Million
06/07/2019,17 19 27 40 68,2,$522 Million
06/04/2019,25 37 46 48 68,25,$475 Million
05/31/2019,7 8 26 65 67,4,$444 Million
05/28/2019,9 21 34 42 50,21,$418 Million
05/24/2019,14 41 44 56 62,10,$393 Million
05/21/2019,10 50 55 56 58,15,$367 Million
05/17/2019,5 17 28 32 63,11,$339 Million
05/14/2019,11 59 66 67 68,18,$316 Million
05/10/2019,3 16 21 61 62,19,$295 Million
05/07/2019,3 6 34 54 63,19,$273 Million
05/03/2019,8 16 22 66 68,11,$252 Million
04/30/2019,24 37 41 61 70,20,$229 Million
04/26/2019,9 17 23 30 46,10,$212 Million
04/23/2019,7 24 30 48 67,9,$192 Million
04/19/2019,18 25 43 44 57,25,$175 Million
04/16/2019,11 29 34 48 54,10,$157 Million
04/12/2019,1 24 25 40 70,4,$140 Million
04/09/2019,11 22 34 44 58,9,$120 Million
04/05/2019,8 22 24 38 64,21,$104 Million
04/02/2019,33 47 58 59 64,25,$88 Million
03/29/2019,5 14 15 62 66,3,$75 Million
03/26/2019,4 14 22 43 58,9,$57 Million
03/22/2019,7 36 58 60 62,10,$50 Million
03/19/2019,10 42 53 67 68,15,$45 Million
03/15/2019,3 29 56 62 64,4,$40 Million
03/12/2019,10 12 16 49 57,18,$50 Million
03/08/2019,4 9 42 62 68,7,$45 Million
03/05/2019,15 20 32 37 52,6,$40 Million
03/01/2019,29 33 39 60 66,21,$273 Million
02/26/2019,10 12 14 24 60,20,$245 Million
02/22/2019,18 24 31 34 55,4,$224 Million
02/19/2019,17 24 34 56 65,3,$206 Million
02/15/2019,10 38 40 43 65,12,$190 Million
02/12/2019,15 32 39 50 65,7,$173 Million
02/08/2019,14 24 31 42 48,13,$157 Million
02/05/2019,3 34 36 59 66,7,$139 Million
02/01/2019,2 37 48 66 68,11,$125 Million
01/29/2019,10 33 53 54 62,22,$109 Million
01/25/2019,8 16 30 38 61,10,$96 Million
01/22/2019,4 15 37 59 64,16,$82 Million
01/18/2019,2 43 48 62 64,24,$68 Million
01/15/2019,29 52 58 60 62,7,$55 Million
01/11/2019,4 5 31 62 69,20,$50 Million
01/08/2019,13 26 29 38 64,5,$45 Million
01/04/2019,21 29 35 54 60,15,$40 Million
01/01/2019,34 44 57 62 70,14,$425 Million
12/28/2018,9 10 25 37 38,21,$370 Million
12/25/2018,2 8 42 43 50,6,$321 Million
12/21/2018,10 13 61 62 70,5,$305 Million
12/18/2018,13 22 32 60 69,9,$284 Million
12/14/2018,5 22 26 43 49,23,$262 Million
12/11/2018,4 38 39 54 59,12,$245 Million
12/07/2018,4 10 20 33 57,13,$226 Million
12/04/2018,28 31 41 42 50,4,$208 Million
11/30/2018,25 28 40 43 63,19,$190 Million
11/27/2018,12 24 37 42 57,18,$172 Million
11/23/2018,7 10 30 33 59,23,$155 Million
11/20/2018,10 16 31 42 66,10,$139 Million
11/16/2018,33 36 63 68 69,16,$122 Million
11/13/2018,34 46 57 65 69,11,$106 Million
11/09/2018,8 14 27 57 67,5,$90 Million
11/06/2018,28 34 37 56 69,12,$70 Million
11/02/2018,3 23 28 46 62,16,$52 Million
10/30/2018,20 31 39 46 49,23,$45 Million
10/26/2018,1 28 61 62 63,5,$40 Million
10/23/2018,5 28 62 65 70,5,$1.537 Billion
10/19/2018,15 23 53 65 70,7,$1 Billion
10/16/2018,3 45 49 61 69,9,$667 Million
10/12/2018,4 24 46 61 70,7,$548 Million
10/09/2018,20 22 39 54 60,18,$470 Million
10/05/2018,27 28 32 41 69,12,$420 Million
10/02/2018,2 22 29 31 34,1,$367 Million
09/28/2018,39 45 52 56 59,15,$336 Million
09/25/2018,8 16 32 48 61,12,$303 Million
09/21/2018,1 2 11 52 64,9,$275 Million
09/18/2018,31 32 43 63 68,17,$252 Million
09/14/2018,23 30 40 43 66,13,$227 Million
09/11/2018,15 30 51 62 67,19,$207 Million
09/07/2018,8 10 41 54 68,10,$187 Million
09/04/2018,2 7 25 35 44,3,$167 Million
08/31/2018,7 18 29 32 45,17,$152 Million
08/28/2018,3 20 33 34 41,20,$134 Million
08/24/2018,1 6 13 18 49,8,$118 Million
08/21/2018,14 16 19 38 57,11,$102 Million
08/17/2018,1 31 32 47 56,3,$88 Million
08/14/2018,11 26 44 45 46,11,$75 Million
08/10/2018,1 3 12 22 42,6,$63 Million
08/07/2018,2 13 15 21 62,2,$55 Million
08/03/2018,9 28 30 54 60,2,$50 Million
07/31/2018,12 15 35 64 69,9,$45 Million
07/27/2018,1 32 40 49 63,20,$40 Million
07/24/2018,1 2 4 19 29,20,$543 Million
07/20/2018,1 14 30 44 62,1,$433 Million
07/17/2018,40 41 61 66 67,12,$375 Million
07/13/2018,21 22 39 59 68,2,$340 Million
07/10/2018,1 17 28 56 70,14,$306 Million
07/06/2018,2 10 46 50 56,16,$283 Million
07/03/2018,13 35 45 49 68,23,$256 Million
06/29/2018,2 32 47 49 68,23,$232 Million
06/26/2018,17 25 29 39 60,19,$212 Million
06/22/2018,2 6 11 27 44,20,$192 Million
06/19/2018,11 13 28 65 70,14,$175 Million
06/15/2018,1 11 37 47 51,6,$161 Million
06/12/2018,1 3 5 8 70,3,$144 Million
06/08/2018,14 30 33 44 56,13,$127 Million
06/05/2018,22 33 41 48 52,4,$110 Million
06/01/2018,5 24 52 62 66,17,$97 Million
05/29/2018,2 11 55 58 67,2,$84 Million
05/25/2018,11 14 51 64 68,25,$73 Million
05/22/2018,16 17 21 36 48,9,$60 Million
05/18/2018,9 26 53 64 66,11,$55 Million
05/15/2018,21 34 44 49 61,21,$50 Million
05/11/2018,14 38 40 53 70,22,$45 Million
05/08/2018,8 15 39 64 67,13,$40 Million
05/04/2018,4 5 10 12 18,21,$143 Million
05/01/2018,2 7 20 55 70,1,$126 Million
04/27/2018,2 29 38 63 66,11,$111 Million
04/24/2018,3 19 31 32 48,10,$96 Million
04/20/2018,1 15 18 32 45,4,$80 Million
04/17/2018,12 34 44 47 65,22,$67 Million
04/13/2018,8 9 32 42 59,10,$55 Million
04/10/2018,5 13 31 43 53,20,$50 Million
04/06/2018,16 33 51 54 67,20,$45 Million
04/03/2018,4 29 39 42 62,14,$40 Million
03/30/2018,11 28 31 46 59,1,$533 Million
03/27/2018,7 25 43 56 59,13,$458 Million
03/23/2018,4 8 23 53 59,17,$421 Million
03/20/2018,14 38 51 64 70,9,$377 Million
03/16/2018,1 13 26 33 52,11,$345 Million
03/13/2018,6 30 58 60 61,17,$318 Million
03/09/2018,7 17 18 46 66,22,$290 Million
03/06/2018,1 4 26 35 39,22,$265 Million
03/02/2018,24 28 42 60 64,8,$243 Million
02/27/2018,10 17 21 38 43,23,$222 Million
02/23/2018,7 11 13 19 58,9,$204 Million
02/20/2018,17 19 23 24 43,14,$185 Million
02/16/2018,14 38 48 53 58,16,$168 Million
02/13/2018,5 12 15 46 49,1,$153 Million
02/09/2018,28 34 41 46 47,14,$136 Million
02/06/2018,14 17 25 48 58,25,$120 Million
02/02/2018,1 4 14 17 40,4,$104 Million
01/30/2018,29 41 42 49 57,24,$89 Million
01/26/2018,10 16 27 38 43,1,$76 Million
01/23/2018,2 6 30 31 55,7,$63 Million
01/19/2018,3 17 23 49 66,23,$55 Million
01/16/2018,3 11 23 29 59,18,$50 Million
01/12/2018,17 18 33 46 60,24,$45 Million
01/09/2018,16 29 31 65 67,23,$40 Million
01/05/2018,28 30 39 59 70,10,$451 Million
01/02/2018,1 42 47 64 70,22,$361 Million
12/29/2017,4 10 18 28 62,7,$306 Million
12/26/2017,10 12 20 38 41,25,$277 Million
12/22/2017,1 20 30 33 42,16,$253 Million
12/19/2017,28 37 39 42 58,2,$223 Million
12/15/2017,4 12 36 44 57,19,$208 Million
12/12/2017,8 23 24 25 27,9,$191 Million
12/08/2017,6 37 46 60 70,24,$176 Million
12/05/2017,14 15 37 42 67,22,$160 Million
12/01/2017,16 22 40 41 59,8,$145 Million
11/28/2017,10 17 47 51 61,5,$132 Million
11/24/2017,16 36 54 61 64,22,$119 Million
11/21/2017,3 7 22 27 50,3,$106 Million
11/17/2017,3 26 55 58 70,15,$95 Million
11/14/2017,1 14 21 22 28,19,$82 Million
11/10/2017,6 23 38 42 58,24,$71 Million
11/07/2017,1 54 60 68 69,11,$59 Million
11/03/2017,10 22 42 61 69,3,$48 Million
10/31/2017,6 28 31 52 53,12,$40 Million
