Draw Date,White Balls,Powerball,Jackpot
03/19/2025,8 11 21 49 59,15,$417.9 Million
03/17/2025,11 18 23 38 60,9,$398.2 Million
03/15/2025,12 28 33 36 54,5,$380.6 Million
03/12/2025,11 13 28 51 58,1,$353.3 Million
03/10/2025,17 40 47 50 55,6,$335.7 Million
03/08/2025,2 4 16 23 63,13,$320.2 Million
03/05/2025,24 28 40 63 65,20,$294.9 Million
03/03/2025,18 20 50 52 56,20,$279.1 Million
03/01/2025,2 23 36 44 49,25,$264.7 Million
02/26/2025,28 48 55 60 62,20,$249.2 Million
02/24/2025,10 11 34 59 68,14,$233 Million
02/22/2025,7 18 22 50 65,15,$218.8 Million
02/19/2025,6 21 28 49 60,20,$195.5 Million
02/17/2025,4 44 47 52 57,9,$183.1 Million
02/15/2025,3 16 45 54 56,12,$172 Million
02/12/2025,21 32 36 45 49,18,$153.6 Million
02/10/2025,2 17 18 29 43,3,$141.5 Million
02/08/2025,23 44 57 60 62,9,$130.8 Million
02/05/2025,19 27 30 50 62,14,$115 Million
02/03/2025,12 37 47 54 60,17,$101 Million
02/01/2025,23 29 32 49 61,8,$88.4 Million
01/29/2025,8 12 31 33 38,18,$71.3 Million
01/27/2025,2 40 47 53 55,20,$58.6 Million
01/25/2025,8 15 17 53 66,14,$47.8 Million
01/22/2025,5 6 27 40 49,5,$30.7 Million
01/20/2025,15 16 32 47 54,6,$20 Million
01/18/2025,14 31 35 64 69,23,$328.5 Million
01/15/2025,8 41 52 53 58,7,$305.1 Million
01/13/2025,4 6 16 39 66,9,$285.4 Million
01/11/2025,3 6 32 37 65,4,$268.3 Million
01/08/2025,1 20 36 38 43,24,$238 Million
01/06/2025,17 34 46 66 67,14,$220.2 Million
01/04/2025,26 32 43 54 56,24,$205.9 Million
01/01/2025,6 12 28 35 66,26,$181.1 Million
12/30/2024,9 19 33 38 39,1,$166 Million
12/28/2024,6 31 51 54 55,12,$151.9 Million
12/25/2024,15 26 27 30 35,3,$124.1 Million
12/23/2024,22 42 44 57 64,18,$108 Million
12/21/2024,1 12 17 21 58,1,$92.1 Million
12/18/2024,6 15 18 33 49,7,$70.8 Million
12/16/2024,9 30 33 57 61,17,$58.1 Million
12/14/2024,12 17 23 52 67,1,$47.9 Million
12/11/2024,13 44 50 52 54,20,$30.4 Million
12/09/2024,35 37 40 45 51,24,$20 Million
12/07/2024,1 31 43 55 57,22,$256 Million
12/04/2024,1 23 25 28 61,13,$240 Million
12/02/2024,3 9 26 61 67,13,$225.2 Million
11/30/2024,4 24 29 39 63,25,$212.3 Million
11/27/2024,1 6 7 13 40,5,$198.6 Million
11/25/2024,5 35 45 60 63,12,$183.6 Million
11/23/2024,12 13 34 44 67,8,$171.7 Million
11/20/2024,16 30 60 62 64,25,$155.3 Million
11/18/2024,27 31 41 52 69,26,$143.9 Million
11/16/2024,21 22 25 32 38,16,$133.8 Million
11/13/2024,9 20 26 43 58,9,$114.9 Million
11/11/2024,3 21 24 34 46,9,$102.7 Million
11/09/2024,11 24 50 56 66,16,$92.1 Million
11/06/2024,12 17 37 58 62,4,$76 Million
11/04/2024,6 18 33 48 53,21,$65 Million
11/02/2024,10 45 48 58 61,2,$55.1 Million
10/30/2024,13 22 29 43 58,22,$39.2 Million
10/28/2024,21 27 32 48 67,17,$28.9 Million
10/26/2024,8 12 40 45 51,15,$20 Million
10/23/2024,2 15 27 29 39,20,$478.2 Million
10/21/2024,1 25 57 62 64,15,$455.9 Million
10/19/2024,7 16 19 45 64,25,$436.6 Million
10/16/2024,4 30 39 44 60,11,$408.8 Million
10/14/2024,14 18 33 64 67,14,$388.1 Million
10/12/2024,5 14 20 41 57,6,$371 Million
10/09/2024,25 32 43 53 66,10,$337.3 Million
10/07/2024,18 30 31 52 63,22,$319 Million
10/05/2024,2 12 46 52 65,3,$302.6 Million
10/02/2024,1 2 21 37 43,21,$273.5 Million
09/30/2024,9 11 30 43 69,20,$258.4 Million
09/28/2024,3 11 13 24 39,22,$245.1 Million
09/25/2024,2 26 45 46 52,21,$223.9 Million
09/23/2024,15 21 25 37 45,19,$209.3 Million
09/21/2024,17 19 21 37 45,14,$196.8 Million
09/18/2024,1 11 22 47 68,7,$176.3 Million
09/16/2024,8 9 11 27 31,17,$163.4 Million
09/14/2024,29 34 38 48 56,16,$152.3 Million
09/11/2024,10 12 55 65 67,3,$134.5 Million
09/09/2024,1 16 21 47 60,5,$123.1 Million
09/07/2024,14 34 37 55 63,20,$111.5 Million
09/04/2024,7 10 21 33 59,20,$94.5 Million
09/02/2024,8 42 46 48 53,22,$81.7 Million
08/31/2024,4 34 35 38 69,19,$72.1 Million
08/28/2024,5 33 47 50 64,20,$54.9 Million
08/26/2024,2 4 23 68 69,15,$43.9 Million
08/24/2024,5 15 21 24 43,17,$34.6 Million
08/21/2024,27 31 33 38 67,3,$20 Million
08/19/2024,1 2 15 23 28,10,$44.3 Million
08/17/2024,12 31 43 45 46,22,$34.9 Million
08/14/2024,8 9 23 29 62,13,$20 Million
08/12/2024,9 22 57 67 68,14,$213.8 Million
08/10/2024,9 24 33 64 69,9,$201.9 Million
08/07/2024,6 19 35 47 57,9,$184.7 Million
08/05/2024,29 42 44 51 54,12,$173.5 Million
08/03/2024,13 33 40 60 61,20,$163.5 Million
07/31/2024,23 34 37 50 58,7,$154.1 Million
07/29/2024,11 27 30 33 44,16,$142.6 Million
07/27/2024,3 31 37 40 64,17,$132.5 Million
07/24/2024,16 42 59 63 68,13,$115.5 Million
07/22/2024,31 36 56 58 69,20,$103.1 Million
07/20/2024,18 25 31 40 57,4,$92.2 Million
07/17/2024,24 27 32 47 66,26,$75.7 Million
07/15/2024,9 31 39 40 45,23,$64.5 Million
07/13/2024,9 55 59 66 69,21,$54.8 Million
07/10/2024,7 11 12 27 46,26,$39.9 Million
07/08/2024,20 22 31 33 45,1,$29.2 Million
07/06/2024,5 32 35 39 49,21,$20 Million
07/03/2024,2 26 33 55 57,22,$139.3 Million
07/01/2024,5 9 32 39 55,9,$126.6 Million
06/29/2024,26 51 54 61 69,25,$115.5 Million
06/26/2024,4 9 36 47 56,7,$96.2 Million
06/24/2024,5 6 36 53 69,8,$84 Million
06/22/2024,4 5 15 32 62,21,$73.3 Million
06/19/2024,4 27 44 50 64,7,$56.6 Million
06/17/2024,30 48 53 58 66,9,$45.3 Million
06/15/2024,4 36 48 54 56,2,$35.2 Million
06/12/2024,19 30 31 61 62,21,$20 Million
06/10/2024,3 10 33 58 59,9,$222.6 Million
06/08/2024,8 38 52 54 64,15,$207.7 Million
06/05/2024,8 44 45 51 69,12,$187.1 Million
06/03/2024,19 29 35 36 45,16,$173.4 Million
06/01/2024,28 38 52 54 68,8,$162 Million
05/29/2024,17 34 56 60 61,9,$143.2 Million
05/27/2024,9 30 39 49 59,21,$131 Million
05/25/2024,6 33 35 36 64,24,$121.3 Million
05/22/2024,5 16 18 26 67,4,$101.7 Million
05/20/2024,1 7 48 64 68,5,$88.5 Million
05/18/2024,19 36 37 42 59,19,$77.5 Million
05/15/2024,19 42 45 55 69,6,$60.1 Million
05/13/2024,5 14 29 38 66,1,$47.9 Million
05/11/2024,3 6 39 49 67,21,$37.2 Million
05/08/2024,7 41 43 44 51,5,$20 Million
05/06/2024,7 23 24 56 60,25,$214.9 Million
05/04/2024,14 20 23 53 69,4,$200.3 Million
05/01/2024,1 11 19 21 68,15,$180.3 Million
04/29/2024,11 38 47 67 69,14,$164.1 Million
04/27/2024,9 30 53 55 62,23,$151.1 Million
04/24/2024,2 20 22 26 47,21,$130.2 Million
04/22/2024,12 16 33 39 52,1,$116 Million
04/20/2024,4 35 41 44 58,25,$102.5 Million
04/17/2024,24 29 44 47 54,2,$80.7 Million
04/15/2024,7 16 41 56 61,23,$66.5 Million
04/13/2024,7 33 40 43 69,10,$54.2 Million
04/10/2024,6 7 12 24 36,15,$34.2 Million
04/08/2024,6 21 23 39 54,23,$20 Million
04/06/2024,22 27 44 52 69,9,$1.3259 Billion
04/03/2024,11 38 41 62 65,15,$1.1312 Billion
04/01/2024,19 24 40 42 56,23,$1.026 Billion
03/30/2024,12 13 33 50 52,23,$951.1 Million
03/27/2024,37 46 57 60 66,8,$873.1 Million
03/25/2024,7 11 19 53 68,23,$813 Million
03/23/2024,6 23 25 34 51,3,$758.1 Million
03/20/2024,13 22 27 54 66,9,$698.6 Million
03/18/2024,10 17 20 39 44,16,$655.7 Million
03/16/2024,12 23 44 57 61,5,$623.4 Million
03/13/2024,21 29 54 59 62,4,$563.1 Million
03/11/2024,1 3 7 16 66,5,$534.3 Million
03/09/2024,30 36 49 52 63,16,$511.3 Million
03/06/2024,6 19 28 44 60,10,$486.2 Million
03/04/2024,36 42 50 52 67,26,$462.7 Million
03/02/2024,3 18 27 36 53,12,$442.1 Million
02/28/2024,16 26 29 38 50,6,$414.3 Million
02/26/2024,24 29 42 51 54,16,$393.3 Million
02/24/2024,3 8 40 53 58,3,$375.9 Million
02/21/2024,4 27 33 41 42,14,$350.5 Million
02/19/2024,4 23 45 50 53,17,$331.9 Million
02/17/2024,6 28 59 62 69,21,$316.1 Million
02/14/2024,1 4 45 47 67,18,$284.8 Million
02/12/2024,17 36 43 53 67,14,$269.2 Million
02/10/2024,27 28 34 37 44,8,$256.5 Million
02/07/2024,12 21 62 67 69,17,$229.3 Million
02/05/2024,1 2 27 30 67,9,$214.8 Million
02/03/2024,9 11 27 59 66,19,$202.9 Million
01/31/2024,15 18 19 41 43,14,$187.9 Million
01/29/2024,39 41 43 49 64,4,$174.9 Million
01/27/2024,7 38 65 66 68,21,$163.8 Million
01/24/2024,1 5 32 50 64,8,$146.3 Million
01/22/2024,24 25 43 52 63,21,$133.9 Million
01/20/2024,16 31 34 47 65,10,$123.2 Million
01/17/2024,18 22 43 61 65,2,$101.5 Million
01/15/2024,13 30 35 49 59,4,$88.9 Million
01/13/2024,13 31 33 51 58,15,$78.4 Million
01/10/2024,25 40 43 48 50,11,$60.6 Million
01/08/2024,7 17 28 40 45,2,$48.5 Million
01/06/2024,4 31 34 38 61,13,$37.7 Million
01/03/2024,30 31 38 48 68,8,$20 Million
01/01/2024,12 21 42 44 49,1,$842.4 Million
12/30/2023,10 11 26 27 34,7,$786.1 Million
12/27/2023,4 11 38 51 68,5,$707.2 Million
12/25/2023,5 12 20 24 29,4,$660.3 Million
12/23/2023,9 14 17 18 53,6,$626.4 Million
12/20/2023,27 35 41 56 60,16,$575.8 Million
12/18/2023,5 8 19 34 39,26,$544.4 Million
12/16/2023,3 9 10 20 62,25,$520 Million
12/13/2023,3 8 41 56 64,18,$504.1 Million
12/11/2023,1 24 27 31 62,20,$477.8 Million
12/09/2023,5 25 26 40 60,1,$457.8 Million
12/06/2023,2 12 37 56 65,21,$437.4 Million
12/04/2023,18 19 27 28 45,9,$416.1 Million
12/02/2023,28 35 41 47 60,3,$397.5 Million
11/29/2023,6 47 50 61 68,4,$373.9 Million
11/27/2023,2 21 38 61 66,12,$354.7 Million
11/25/2023,27 33 63 66 68,9,$337.9 Million
11/22/2023,20 24 33 39 42,21,$316.4 Million
11/20/2023,19 26 30 39 63,13,$295.5 Million
11/18/2023,34 50 51 61 67,20,$279.5 Million
11/15/2023,3 4 51 53 60,6,$255.2 Million
11/13/2023,24 33 35 37 42,21,$237.8 Million
11/11/2023,1 12 14 24 57,7,$222.5 Million
11/08/2023,14 21 33 39 62,20,$198 Million
11/06/2023,12 25 40 59 61,26,$181.9 Million
11/04/2023,1 28 30 34 52,6,$168.5 Million
11/01/2023,22 26 39 47 63,12,$153.8 Million
10/30/2023,19 22 34 66 69,5,$138 Million
10/28/2023,14 24 50 59 64,2,$124.6 Million
10/25/2023,25 27 41 53 68,2,$103.4 Million
10/23/2023,18 21 25 46 64,21,$86.8 Million
10/21/2023,6 15 24 67 68,11,$73.3 Million
10/18/2023,1 4 13 35 58,24,$49.9 Million
10/16/2023,2 27 31 44 64,18,$35.3 Million
10/14/2023,14 16 42 48 64,14,$22.8 Million
10/11/2023,22 24 40 52 64,10,$1.7649 Billion
10/09/2023,16 34 46 55 67,14,$1.5652 Billion
10/07/2023,47 54 57 60 65,19,$1.4225 Billion
10/04/2023,9 35 54 63 64,1,$1.1919 Billion
10/02/2023,12 26 27 43 47,5,$1.0662 Billion
09/30/2023,19 30 37 44 46,22,$968.7 Million
09/27/2023,1 7 46 47 63,7,$856.1 Million
09/25/2023,10 12 22 36 50,4,$793.6 Million
09/23/2023,1 12 20 33 66,21,$748.3 Million
09/20/2023,16 27 59 62 63,23,$677.1 Million
09/18/2023,2 21 26 40 42,9,$638.9 Million
09/16/2023,8 11 19 24 46,5,$608 Million
09/13/2023,22 30 37 44 45,18,$557.3 Million
09/11/2023,9 25 27 53 66,5,$526.6 Million
09/09/2023,11 19 29 63 68,25,$501.8 Million
09/06/2023,9 14 20 23 63,1,$462.6 Million
09/04/2023,1 26 32 46 51,13,$437.6 Million
09/02/2023,25 38 42 66 67,19,$418.5 Million
08/30/2023,4 13 35 61 69,4,$387.1 Million
08/28/2023,4 6 25 55 68,26,$364.2 Million
08/26/2023,20 22 26 28 63,5,$344.5 Million
08/23/2023,25 30 32 33 55,20,$314.8 Million
08/21/2023,3 4 12 22 28,16,$292.8 Million
08/19/2023,1 25 27 38 62,13,$274.7 Million
08/16/2023,9 11 17 19 55,1,$239.4 Million
08/14/2023,32 34 37 39 47,3,$220.1 Million
08/12/2023,19 21 37 50 65,26,$203.5 Million
08/09/2023,10 15 21 67 69,3,$177.7 Million
08/07/2023,6 13 20 35 54,22,$154.9 Million
08/05/2023,18 42 44 62 65,23,$136 Million
08/02/2023,23 24 33 51 64,5,$102.1 Million
07/31/2023,2 11 48 58 65,13,$82.7 Million
07/29/2023,10 25 27 34 38,2,$68.5 Million
07/26/2023,3 16 40 48 60,14,$46 Million
07/24/2023,3 4 12 28 49,25,$32.1 Million
07/22/2023,25 27 36 37 63,7,$20.9 Million
07/19/2023,7 10 11 13 24,24,$1.0798 Billion
07/17/2023,5 8 9 17 41,21,$922 Million
07/15/2023,2 9 43 55 57,18,$829.4 Million
07/12/2023,23 35 45 66 67,20,$746.3 Million
07/10/2023,2 24 34 53 58,13,$680.8 Million
07/08/2023,7 23 24 32 43,18,$630.5 Million
07/05/2023,17 24 48 62 68,23,$557.1 Million
07/03/2023,15 26 31 38 61,3,$528.1 Million
07/01/2023,4 17 35 49 61,8,$502.4 Million
06/28/2023,19 25 34 57 68,4,$463.5 Million
06/26/2023,6 28 39 43 54,12,$442.1 Million
06/24/2023,2 38 44 50 62,19,$424.3 Million
06/21/2023,5 11 33 35 63,14,$400.6 Million
06/19/2023,36 39 52 57 69,1,$380.7 Million
06/17/2023,2 12 45 61 64,26,$365.4 Million
06/14/2023,3 20 36 42 64,4,$341.6 Million
06/12/2023,2 3 16 23 68,7,$324.5 Million
06/10/2023,21 32 42 46 50,4,$310.1 Million
06/07/2023,16 21 29 53 66,2,$285.1 Million
06/05/2023,2 31 45 46 49,20,$270 Million
06/03/2023,15 45 64 67 68,18,$257 Million
05/31/2023,2 4 54 61 62,14,$240.9 Million
05/29/2023,21 33 35 62 64,24,$225.9 Million
05/27/2023,24 38 39 48 56,4,$214.5 Million
05/24/2023,12 21 44 50 58,26,$192.2 Million
05/22/2023,9 38 48 52 68,25,$178.7 Million
05/20/2023,17 23 32 38 63,23,$168.6 Million
05/17/2023,18 34 37 45 51,14,$146.1 Million
05/15/2023,1 26 28 55 58,25,$135.3 Million
05/13/2023,3 15 20 23 46,11,$126.1 Million
05/10/2023,21 24 33 55 69,3,$109.3 Million
05/08/2023,15 20 33 36 43,12,$97.5 Million
05/06/2023,31 39 47 51 53,6,$87.8 Million
05/03/2023,21 26 30 45 47,23,$72.2 Million
05/01/2023,3 38 55 61 66,1,$61.3 Million
04/29/2023,16 53 54 57 65,8,$52.1 Million
04/26/2023,2 15 30 35 49,6,$38 Million
04/24/2023,19 21 55 66 68,3,$28.2 Million
04/22/2023,17 36 47 63 68,25,$20 Million
04/19/2023,4 11 21 38 64,11,$252.6 Million
04/17/2023,23 25 35 63 64,25,$237.2 Million
04/15/2023,1 33 34 56 59,18,$224.5 Million
04/12/2023,9 36 41 44 59,4,$202.2 Million
04/10/2023,9 10 36 46 52,14,$190.6 Million
04/08/2023,11 22 24 51 60,18,$181.5 Million
04/05/2023,3 5 9 42 52,11,$170.4 Million
04/03/2023,16 30 31 54 68,1,$159.6 Million
04/01/2023,11 19 21 29 52,17,$150.2 Million
03/29/2023,4 9 24 46 66,7,$132.5 Million
03/27/2023,19 26 36 43 58,14,$122.2 Million
03/25/2023,15 17 18 47 57,19,$112.7 Million
03/22/2023,27 28 37 50 57,5,$96.9 Million
03/20/2023,1 27 32 47 67,14,$86.1 Million
03/18/2023,14 20 30 54 69,11,$77.1 Million
03/15/2023,16 18 33 37 50,8,$63.5 Million
03/13/2023,3 10 24 46 63,4,$53 Million
03/11/2023,11 20 33 43 58,24,$44.3 Million
03/08/2023,26 27 43 61 69,4,$30.5 Million
03/06/2023,2 13 29 58 69,4,$20 Million
03/04/2023,10 16 18 40 66,16,$162.6 Million
03/01/2023,2 9 28 36 53,4,$144 Million
02/27/2023,16 28 49 51 55,23,$131.5 Million
02/25/2023,11 24 58 66 67,26,$120.9 Million
02/22/2023,11 19 39 44 65,7,$101.6 Million
02/20/2023,3 17 26 38 54,15,$88.2 Million
02/18/2023,8 21 31 32 37,23,$77.5 Million
02/15/2023,31 32 54 60 63,12,$58.4 Million
02/13/2023,17 26 37 61 65,2,$46.8 Million
02/11/2023,10 23 30 54 65,11,$37 Million
02/08/2023,52 58 59 64 66,9,$20 Million
02/06/2023,5 11 22 23 69,7,$754.6 Million
02/04/2023,2 8 15 19 58,10,$704.4 Million
02/01/2023,31 43 58 59 66,9,$646.1 Million
01/30/2023,1 4 12 36 49,5,$606.6 Million
01/28/2023,2 18 23 27 47,15,$576.5 Million
01/25/2023,9 17 20 38 40,18,$530.1 Million
01/23/2023,12 31 47 58 60,23,$500.6 Million
01/21/2023,5 14 19 46 64,22,$476.7 Million
01/18/2023,6 15 22 42 47,26,$441.2 Million
01/16/2023,4 14 33 39 61,3,$416.9 Million
01/14/2023,24 26 39 47 57,23,$397.4 Million
01/11/2023,4 8 46 47 48,5,$367.6 Million
01/09/2023,18 43 48 60 69,14,$341.4 Million
01/07/2023,35 36 44 45 67,14,$320.6 Million
01/04/2023,12 32 56 67 68,26,$296.1 Million
01/02/2023,7 9 12 31 62,22,$274.6 Million
12/31/2022,18 37 44 50 64,11,$258.8 Million
12/28/2022,26 32 38 45 56,1,$222 Million
12/26/2022,17 41 47 60 61,17,$204.5 Million
12/24/2022,17 37 46 54 67,8,$194.4 Million
12/21/2022,12 15 24 34 59,14,$170.5 Million
12/19/2022,7 37 55 65 67,12,$159 Million
12/17/2022,33 56 64 66 68,12,$149.9 Million
12/14/2022,36 51 59 66 68,25,$134.8 Million
12/12/2022,16 31 50 55 61,9,$124.3 Million
12/10/2022,9 23 47 49 68,19,$115 Million
12/07/2022,6 28 44 59 61,21,$100.9 Million
12/05/2022,35 45 47 54 55,14,$89.2 Million
12/03/2022,6 13 33 36 37,7,$79.9 Million
11/30/2022,4 19 24 47 66,10,$65.6 Million
11/28/2022,29 30 32 48 50,20,$54.8 Million
11/26/2022,15 30 47 50 51,3,$45.7 Million
11/23/2022,1 2 31 39 66,25,$32.2 Million
11/21/2022,1 6 40 51 67,2,$20 Million
11/19/2022,7 28 62 63 64,10,$92.9 Million
11/16/2022,28 34 51 53 56,11,$76 Million
11/14/2022,19 35 53 54 67,21,$62.9 Million
11/12/2022,16 20 44 57 58,6,$51.4 Million
11/09/2022,7 14 24 30 56,7,$32.1 Million
11/07/2022,10 33 41 47 56,10,$2.0401 Billion
11/05/2022,28 45 53 56 69,20,$1.6568 Billion
11/02/2022,2 11 22 35 60,23,$1.2477 Billion
10/31/2022,13 19 36 39 59,13,$999.3 Million
10/29/2022,19 31 40 46 57,23,$822.3 Million
10/26/2022,19 36 37 46 56,24,$715.3 Million
10/24/2022,18 23 35 45 54,16,$637.8 Million
10/22/2022,19 25 48 55 60,18,$591.3 Million
10/19/2022,6 8 15 27 42,10,$515.5 Million
10/17/2022,19 30 36 46 60,25,$485 Million
10/15/2022,32 37 40 58 62,15,$464.8 Million
10/12/2022,14 30 41 42 59,6,$425.3 Million
10/10/2022,3 6 11 17 22,11,$403.9 Million
10/08/2022,13 43 53 60 68,5,$388.6 Million
10/05/2022,26 30 33 37 62,6,$354.4 Million
10/03/2022,2 16 22 55 63,22,$338.2 Million
10/01/2022,8 21 22 65 69,26,$325.4 Million
09/28/2022,6 10 24 33 67,11,$300.7 Million
09/26/2022,13 20 31 33 59,20,$286 Million
09/24/2022,3 9 21 24 29,14,$274.8 Million
09/21/2022,6 33 34 45 54,7,$251.6 Million
09/19/2022,7 15 36 46 67,7,$238.3 Million
09/17/2022,5 25 36 51 61,1,$228 Million
09/14/2022,9 10 20 22 52,25,$207.1 Million
09/12/2022,6 14 16 34 66,25,$194.6 Million
09/10/2022,38 42 56 68 69,4,$185.2 Million
09/07/2022,3 16 30 33 36,20,$168.5 Million
09/05/2022,4 7 32 55 64,25,$158.4 Million
09/03/2022,18 27 49 65 69,9,$150.9 Million
08/31/2022,7 8 19 24 28,1,$134.2 Million
08/29/2022,13 36 43 61 69,18,$124.5 Million
08/27/2022,2 18 56 60 65,14,$116.5 Million
08/24/2022,6 24 35 37 44,22,$100.6 Million
08/22/2022,12 27 34 55 67,9,$90 Million
08/20/2022,5 9 11 16 66,7,$82 Million
08/17/2022,23 28 41 50 55,24,$66.5 Million
08/15/2022,20 24 47 50 63,5,$57.1 Million
08/13/2022,19 24 35 43 62,2,$49.6 Million
08/10/2022,29 44 59 61 68,19,$36.1 Million
08/08/2022,32 45 51 57 58,12,$27.2 Million
08/06/2022,8 15 46 56 68,3,$20 Million
08/03/2022,9 21 56 57 66,11,$206.9 Million
08/01/2022,15 21 31 36 65,16,$191.1 Million
07/30/2022,4 17 57 58 68,12,$178.8 Million
07/27/2022,1 25 44 55 57,26,$151.3 Million
07/25/2022,25 37 38 39 65,5,$133.9 Million
07/23/2022,39 41 54 59 62,12,$122.9 Million
07/20/2022,10 20 23 49 65,22,$104.1 Million
07/18/2022,14 34 36 50 58,5,$90.4 Million
07/16/2022,3 18 23 32 57,21,$81.4 Million
07/13/2022,22 23 36 47 63,2,$67.8 Million
07/11/2022,4 26 34 37 52,9,$57.6 Million
07/09/2022,14 22 42 46 52,24,$49.8 Million
07/06/2022,32 36 49 62 69,13,$35.3 Million
07/04/2022,15 16 24 31 56,4,$26.4 Million
07/02/2022,9 10 37 59 62,26,$20 Million
06/29/2022,8 40 49 58 63,14,$366.7 Million
06/27/2022,11 13 18 30 37,16,$348.2 Million
06/25/2022,6 12 20 27 32,4,$333.7 Million
06/22/2022,6 10 31 48 56,12,$313.7 Million
06/20/2022,3 44 61 63 69,13,$296.7 Million
06/18/2022,10 19 40 45 58,25,$284.3 Million
06/15/2022,19 28 41 42 51,7,$258.7 Million
06/13/2022,2 27 42 44 51,25,$244.3 Million
06/11/2022,18 20 26 53 69,5,$232.8 Million
06/08/2022,22 39 43 62 64,7,$211.8 Million
06/06/2022,2 10 35 44 46,4,$199.3 Million
06/04/2022,14 16 36 52 60,16,$189.6 Million
06/01/2022,11 41 56 57 63,2,$168.5 Million
05/30/2022,27 28 51 68 69,22,$157.5 Million
05/28/2022,2 39 50 61 66,15,$149.7 Million
05/25/2022,19 28 39 42 57,17,$136.3 Million
05/23/2022,1 33 37 39 42,26,$125.8 Million
05/21/2022,14 15 25 52 58,11,$117.3 Million
05/18/2022,40 41 58 64 65,17,$102.3 Million
05/16/2022,7 15 22 36 64,13,$91.2 Million
05/14/2022,6 40 41 45 52,9,$82.9 Million
05/11/2022,5 7 61 63 69,18,$69.6 Million
05/09/2022,18 30 35 52 56,5,$59.6 Million
05/07/2022,4 5 6 28 67,10,$51.7 Million
05/04/2022,37 39 55 63 69,23,$36.4 Million
05/02/2022,18 27 33 39 44,8,$27.1 Million
04/30/2022,14 21 37 44 63,1,$20 Million
04/27/2022,11 36 61 62 68,4,$473.1 Million
04/25/2022,12 18 20 39 61,10,$434.8 Million
04/23/2022,10 39 47 49 56,8,$409.3 Million
04/20/2022,20 30 45 55 56,14,$372.8 Million
04/18/2022,8 33 55 59 62,18,$352.5 Million
04/16/2022,15 21 32 62 65,26,$337.7 Million
04/13/2022,14 16 41 63 68,26,$303.6 Million
04/11/2022,5 7 24 31 34,4,$287.3 Million
04/09/2022,6 16 31 62 66,18,$273 Million
04/06/2022,6 42 45 47 64,18,$247.5 Million
04/04/2022,2 32 39 46 69,6,$233.3 Million
04/02/2022,6 28 47 58 59,18,$223 Million
03/30/2022,3 7 21 31 37,11,$207.1 Million
03/28/2022,11 18 39 58 62,3,$195.5 Million
03/26/2022,2 10 50 59 61,6,$187 Million
03/23/2022,31 32 37 38 48,24,$167 Million
03/21/2022,1 15 26 63 65,16,$157.1 Million
03/19/2022,8 9 18 48 52,6,$149.3 Million
03/16/2022,3 28 34 35 58,17,$134.1 Million
03/14/2022,21 28 32 44 49,6,$124.7 Million
03/12/2022,19 20 37 39 61,8,$117.2 Million
03/09/2022,13 22 34 51 67,10,$99.4 Million
03/07/2022,10 43 55 59 67,2,$90.5 Million
03/05/2022,8 23 37 52 63,13,$83.7 Million
03/02/2022,19 37 48 61 63,12,$73.6 Million
02/28/2022,7 21 39 47 55,19,$64.9 Million
02/26/2022,15 32 36 48 64,19,$58.2 Million
02/23/2022,6 17 21 35 64,18,$46.2 Million
02/21/2022,2 36 37 45 69,3,$37.6 Million
02/19/2022,3 10 15 33 42,11,$31.3 Million
02/16/2022,22 30 40 42 48,16,$20 Million
02/14/2022,16 25 27 49 55,17,$185.3 Million
02/12/2022,8 10 21 41 62,7,$176.1 Million
02/09/2022,2 17 33 51 63,26,$158 Million
02/07/2022,5 15 38 47 65,10,$147.7 Million
02/05/2022,5 16 27 39 61,24,$139.8 Million
02/02/2022,18 29 33 62 63,15,$125.3 Million
01/31/2022,10 15 51 61 69,14,$114.7 Million
01/29/2022,2 15 38 54 65,11,$106.5 Million
01/26/2022,4 11 38 49 69,16,$91.4 Million
01/24/2022,11 29 30 47 53,16,$82.2 Million
01/22/2022,8 14 33 36 67,17,$75.4 Million
01/19/2022,11 15 43 55 61,10,$63 Million
01/17/2022,9 24 35 46 65,22,$54.1 Million
01/15/2022,3 18 37 51 59,13,$47.8 Million
01/12/2022,12 21 22 30 33,24,$35.5 Million
01/10/2022,14 17 18 21 27,9,$26.8 Million
01/08/2022,20 21 36 60 65,13,$20 Million
01/05/2022,6 14 25 33 46,17,$632.6 Million
01/03/2022,2 13 32 33 48,22,$561.3 Million
01/01/2022,6 12 39 48 50,7,$518.7 Million
12/29/2021,2 6 9 33 39,11,$459.6 Million
12/27/2021,36 38 45 62 64,19,$429 Million
12/25/2021,27 29 45 55 58,2,$410 Million
12/22/2021,7 16 19 48 68,15,$378.6 Million
12/20/2021,2 13 23 34 66,2,$363.3 Million
12/18/2021,2 6 24 51 61,1,$352.2 Million
12/15/2021,19 20 40 42 59,15,$335 Million
12/13/2021,10 30 37 53 59,4,$321.1 Million
12/11/2021,3 25 44 53 64,10,$311 Million
12/08/2021,3 7 33 50 69,24,$290.5 Million
12/06/2021,3 21 38 50 59,6,$279 Million
12/04/2021,10 40 45 56 67,2,$270.3 Million
12/01/2021,12 15 38 57 63,24,$263.6 Million
11/29/2021,18 26 28 38 47,17,$252 Million
11/27/2021,8 32 55 64 66,10,$243.4 Million
11/24/2021,10 16 32 63 65,17,$229.4 Million
11/22/2021,7 20 29 38 67,22,$214.2 Million
11/20/2021,40 43 48 59 69,19,$206.2 Million
11/17/2021,3 16 48 52 60,1,$190.4 Million
11/15/2021,5 31 34 51 53,23,$180.7 Million
11/13/2021,8 15 26 35 45,9,$173.4 Million
11/10/2021,19 25 43 46 48,14,$160.1 Million
11/08/2021,21 46 47 57 62,8,$150.7 Million
11/06/2021,8 30 48 57 64,9,$143.7 Million
11/03/2021,1 2 24 50 57,26,$132.5 Million
11/01/2021,9 25 34 44 45,8,$123.3 Million
10/30/2021,5 23 28 43 56,19,$116.1 Million
10/27/2021,3 6 26 35 51,17,$103.6 Million
10/25/2021,10 27 29 44 58,24,$93.7 Million
10/23/2021,10 30 51 57 63,20,$86.8 Million
10/20/2021,7 29 36 41 43,5,$73.6 Million
10/18/2021,30 32 48 53 63,12,$65 Million
10/16/2021,30 31 41 42 48,3,$58.6 Million
10/13/2021,23 29 47 59 60,15,$47.3 Million
10/11/2021,11 20 33 39 65,24,$38.8 Million
10/09/2021,12 17 30 45 62,5,$32.5 Million
10/06/2021,1 17 52 58 64,1,$20 Million
10/04/2021,12 22 54 66 69,15,$699.8 Million
10/02/2021,28 38 42 47 52,1,$651.3 Million
09/29/2021,2 7 11 17 32,11,$580.8 Million
09/27/2021,21 22 39 44 60,12,$549.2 Million
09/25/2021,22 23 37 62 63,19,$528.8 Million
09/22/2021,20 40 47 55 63,5,$493.2 Million
09/20/2021,37 51 54 58 60,19,$473.2 Million
09/18/2021,5 36 39 45 57,11,$460.6 Million
09/15/2021,1 4 18 46 62,25,$435.7 Million
09/13/2021,37 40 50 61 63,21,$419.1 Million
09/11/2021,20 31 38 40 49,21,$408.1 Million
09/08/2021,9 22 41 47 61,21,$388.2 Million
09/06/2021,11 20 22 33 54,24,$374.3 Million
09/04/2021,32 35 40 52 54,1,$365.7 Million
09/01/2021,10 20 29 48 51,17,$347.1 Million
08/30/2021,3 15 45 51 61,8,$333.9 Million
08/28/2021,12 22 26 46 59,26,$325.6 Million
08/25/2021,27 39 54 56 59,24,$304.6 Million
08/23/2021,17 36 47 60 61,15,$293.3 Million
08/21/2021,16 28 36 39 59,4,$286.9 Million
08/18/2021,35 36 51 55 61,26,$274.2 Million
08/14/2021,6 21 49 65 67,18,$259.3 Million
08/11/2021,12 18 20 29 30,16,$241.9 Million
08/07/2021,7 24 36 54 60,23,$227.6 Million
08/04/2021,5 21 32 36 58,14,$211.7 Million
07/31/2021,1 21 22 34 47,4,$198.2 Million
07/28/2021,25 30 53 59 60,5,$185.7 Million
07/24/2021,1 4 11 59 67,10,$173.5 Million
07/21/2021,27 28 44 67 68,11,$161 Million
07/17/2021,15 22 38 54 66,3,$149.1 Million
07/14/2021,33 46 52 59 62,10,$137.2 Million
07/10/2021,1 5 29 54 62,3,$125.7 Million
07/07/2021,8 21 30 49 57,8,$114.1 Million
07/03/2021,26 40 41 55 65,24,$101.5 Million
06/30/2021,24 29 50 65 66,14,$87.8 Million
06/26/2021,8 31 39 43 60,17,$76.3 Million
06/23/2021,13 20 40 51 63,1,$63.4 Million
06/19/2021,4 22 35 38 39,20,$52.5 Million
06/16/2021,19 29 34 44 50,25,$41.2 Million
06/12/2021,8 25 34 38 41,10,$30.7 Million
06/09/2021,19 28 46 50 54,9,$20 Million
06/05/2021,44 52 54 64 69,26,$285.6 Million
06/02/2021,6 7 11 66 67,19,$268.4 Million
05/29/2021,11 13 22 27 46,20,$252.2 Million
05/26/2021,2 8 21 34 62,16,$235.7 Million
05/22/2021,3 19 27 37 40,8,$219.9 Million
05/19/2021,11 13 55 56 69,4,$202.3 Million
05/15/2021,4 10 37 39 69,24,$187 Million
05/12/2021,1 19 20 38 54,17,$168.8 Million
05/08/2021,12 17 20 21 26,8,$155.9 Million
05/05/2021,16 23 28 40 63,1,$143.6 Million
05/01/2021,35 36 47 61 63,3,$131.3 Million
04/28/2021,16 18 35 39 53,21,$116.9 Million
04/24/2021,22 36 48 59 61,22,$104 Million
04/21/2021,21 25 32 63 67,6,$90.4 Million
04/17/2021,10 21 26 41 49,25,$78.7 Million
04/14/2021,13 30 33 45 61,14,$66.7 Million
04/10/2021,14 16 23 50 53,3,$55.4 Million
04/07/2021,27 35 39 51 66,16,$43.2 Million
04/03/2021,1 12 17 39 53,5,$32.3 Million
03/31/2021,3 10 44 55 68,24,$20 Million
03/27/2021,6 14 38 39 65,6,$235.4 Million
03/24/2021,4 9 17 27 38,18,$221 Million
03/20/2021,1 6 22 42 61,4,$205.3 Million
03/17/2021,34 38 42 61 62,19,$185.4 Million
03/13/2021,5 11 51 56 61,2,$170.9 Million
03/10/2021,17 18 37 44 53,18,$154.9 Million
03/06/2021,11 31 50 52 58,18,$141.6 Million
03/03/2021,21 40 44 50 55,16,$125 Million
02/27/2021,2 28 31 44 52,18,$111.1 Million
02/24/2021,4 33 43 53 65,21,$94.1 Million
02/20/2021,4 8 22 32 58,4,$81.3 Million
02/17/2021,1 15 21 32 46,1,$66.7 Million
02/13/2021,20 28 33 63 68,20,$56.4 Million
02/10/2021,15 39 58 63 67,7,$43.6 Million
02/06/2021,1 16 48 49 65,8,$32.8 Million
02/03/2021,5 37 40 64 66,5,$20 Million
01/30/2021,1 2 7 52 61,4,$33.2 Million
01/27/2021,17 33 35 42 52,9,$20 Million
01/23/2021,5 8 17 27 28,14,$23.2 Million
01/20/2021,40 53 60 68 69,22,$731.1 Million
01/16/2021,14 20 39 65 67,2,$639.4 Million
01/13/2021,4 19 23 25 49,14,$556.7 Million
01/09/2021,14 26 38 45 46,13,$489.6 Million
01/06/2021,1 20 22 60 66,3,$427.1 Million
01/02/2021,3 4 11 41 67,5,$390.2 Million
12/30/2020,3 43 45 61 65,14,$365.3 Million
12/26/2020,10 24 27 35 53,18,$342.8 Million
12/23/2020,6 13 38 39 53,6,$324.5 Million
12/19/2020,27 32 34 43 52,13,$305.7 Million
12/16/2020,4 23 37 61 67,7,$286.4 Million
12/12/2020,17 54 56 63 69,20,$272.2 Million
12/09/2020,11 14 31 47 48,4,$262.4 Million
12/05/2020,3 4 6 48 53,10,$248.7 Million
12/02/2020,28 31 40 41 46,4,$228.7 Million
11/28/2020,8 12 18 44 51,18,$216.1 Million
11/25/2020,2 57 58 60 65,26,$204 Million
11/21/2020,51 54 57 60 69,11,$190.6 Million
11/18/2020,4 5 17 43 52,5,$179.8 Million
11/14/2020,7 15 18 32 45,20,$169.3 Million
11/11/2020,13 15 17 45 63,13,$156.5 Million
11/07/2020,14 16 37 48 58,18,$146.6 Million
11/04/2020,23 32 33 45 49,14,$136.5 Million
10/31/2020,2 6 40 42 55,24,$126.8 Million
10/28/2020,11 28 37 40 53,13,$116.4 Million
10/24/2020,18 20 27 45 65,6,$105.7 Million
10/21/2020,1 3 13 44 56,26,$91.6 Million
10/17/2020,6 10 31 37 44,23,$81.9 Million
10/14/2020,21 37 52 53 58,5,$72.3 Million
10/10/2020,5 18 23 40 50,18,$63.2 Million
10/07/2020,6 24 30 53 56,19,$52 Million
10/03/2020,18 31 36 43 47,20,$43.4 Million
09/30/2020,14 18 36 49 67,18,$33.7 Million
09/26/2020,11 21 27 36 62,24,$25.6 Million
09/23/2020,8 17 49 52 59,1,$22 Million
09/19/2020,11 14 23 47 57,14,$20 Million
09/16/2020,10 17 31 51 53,1,$94.8 Million
09/12/2020,16 17 20 53 67,4,$85.2 Million
09/09/2020,27 52 55 60 64,21,$74.9 Million
09/05/2020,15 21 22 27 47,7,$66 Million
09/02/2020,1 4 11 20 69,18,$56.8 Million
08/29/2020,5 21 22 29 43,10,$47.9 Million
08/26/2020,8 12 19 47 58,2,$37.7 Million
08/22/2020,19 30 36 42 66,14,$29.5 Million
08/19/2020,13 23 47 55 58,23,$22 Million
08/15/2020,5 12 34 45 56,3,$20 Million
08/12/2020,2 6 18 36 37,21,$168.5 Million
08/08/2020,2 3 14 40 51,24,$157.6 Million
08/05/2020,7 14 17 57 65,24,$147.3 Million
08/01/2020,6 25 36 43 48,24,$136.9 Million
07/29/2020,7 29 35 40 45,26,$126.2 Million
07/25/2020,5 21 36 61 62,18,$116.2 Million
07/22/2020,16 25 36 44 55,14,$106.7 Million
07/18/2020,13 16 32 58 59,9,$97.1 Million
07/15/2020,27 47 61 62 69,4,$87.3 Million
07/11/2020,14 19 61 62 64,4,$78.3 Million
07/08/2020,3 10 34 36 62,5,$69.3 Million
07/04/2020,16 21 27 60 61,6,$60.6 Million
07/01/2020,15 28 52 53 63,18,$51.1 Million
06/27/2020,9 36 49 56 62,8,$42.6 Million
06/24/2020,15 22 27 33 46,23,$33.9 Million
06/20/2020,10 31 41 63 67,5,$25.6 Million
06/17/2020,7 10 63 64 68,10,$22 Million
06/13/2020,2 12 32 50 65,5,$20 Million
06/10/2020,10 33 41 52 54,18,$22 Million
06/06/2020,1 17 38 68 69,18,$20 Million
06/03/2020,1 3 26 41 64,17,$136.4 Million
05/30/2020,13 32 41 58 60,14,$127.3 Million
05/27/2020,38 58 59 64 68,21,$115.5 Million
05/23/2020,2 8 18 21 23,16,$106.1 Million
05/20/2020,18 34 40 42 50,9,$95.3 Million
05/16/2020,8 12 26 39 42,11,$86.9 Million
05/13/2020,39 53 54 56 57,20,$78.1 Million
05/09/2020,12 18 42 48 65,19,$70 Million
05/06/2020,7 8 35 50 65,20,$60.2 Million
05/02/2020,13 16 33 58 68,24,$52.7 Million
04/29/2020,2 20 49 61 67,20,$44.3 Million
04/25/2020,1 3 21 47 57,18,$37.4 Million
04/22/2020,1 33 35 40 69,24,$30 Million
04/18/2020,4 44 46 56 63,19,$24 Million
04/15/2020,10 12 33 36 41,2,$22 Million
04/11/2020,22 29 30 42 47,17,$20 Million
04/08/2020,2 37 39 48 54,5,$190 Million
04/04/2020,8 31 39 40 43,4,$180 Million
04/01/2020,33 35 45 48 60,16,$170 Million
03/28/2020,7 40 48 55 66,11,$160 Million
03/25/2020,5 9 27 39 42,16,$150 Million
03/21/2020,2 23 40 59 69,13,$140 Million
03/18/2020,15 27 44 59 63,8,$130 Million
03/14/2020,9 23 26 30 32,8,$120 Million
03/11/2020,4 29 49 50 67,2,$110 Million
03/07/2020,7 15 21 33 62,23,$100 Million
03/04/2020,18 43 58 60 68,14,$90 Million
02/29/2020,24 44 46 50 51,13,$80 Million
02/26/2020,8 27 29 36 47,24,$70 Million
02/22/2020,25 37 39 61 62,11,$60 Million
02/19/2020,10 12 15 19 56,19,$50 Million
02/15/2020,16 32 35 36 46,3,$40 Million
02/12/2020,14 47 54 55 68,25,$70 Million
02/08/2020,35 49 50 59 66,6,$60 Million
02/05/2020,23 30 35 41 57,2,$50 Million
02/01/2020,12 33 54 57 60,13,$40 Million
01/29/2020,9 12 15 31 60,2,$396.9 Million
01/25/2020,2 9 17 36 67,18,$366.6 Million
01/22/2020,11 33 44 59 67,8,$347 Million
01/18/2020,20 24 38 56 68,18,$322.6 Million
01/15/2020,39 41 53 55 68,19,$298.4 Million
01/11/2020,3 21 23 31 59,3,$277.8 Million
01/08/2020,2 4 7 43 56,22,$258.2 Million
01/04/2020,1 11 21 25 54,7,$239.9 Million
01/01/2020,49 53 57 59 62,26,$221.8 Million
12/28/2019,20 23 39 59 60,18,$203.8 Million
12/25/2019,2 4 16 30 46,20,$188.6 Million
12/21/2019,19 31 35 50 67,14,$173.2 Million
12/18/2019,14 18 26 39 68,9,$160 Million
12/14/2019,3 6 12 32 64,19,$150 Million
12/11/2019,24 29 42 44 63,10,$140 Million
12/07/2019,18 42 53 62 66,25,$130 Million
12/04/2019,8 27 44 51 61,14,$120 Million
11/30/2019,15 35 42 63 68,18,$110 Million
11/27/2019,15 26 37 53 55,21,$100 Million
11/23/2019,28 35 38 61 66,23,$90 Million
11/20/2019,7 15 39 40 57,12,$80 Million
11/16/2019,14 22 26 55 63,26,$70 Million
11/13/2019,23 26 27 28 66,11,$60 Million
11/09/2019,14 17 35 38 60,25,$50 Million
11/06/2019,15 28 46 62 64,17,$40 Million
11/02/2019,3 23 32 37 58,22,$150 Million
10/30/2019,19 22 52 56 67,21,$140 Million
10/26/2019,3 20 48 54 59,4,$130 Million
10/23/2019,5 12 50 61 69,23,$120 Million
10/19/2019,14 27 29 59 65,12,$110 Million
10/16/2019,1 5 25 63 67,3,$100 Million
10/12/2019,12 29 34 53 65,23,$90 Million
10/09/2019,5 18 33 43 65,2,$80 Million
10/05/2019,6 14 36 51 54,4,$70 Million
10/02/2019,4 8 10 43 53,7,$60 Million
09/28/2019,15 23 34 51 55,4,$50 Million
09/25/2019,37 43 44 45 53,25,$40 Million
09/21/2019,1 9 22 36 68,22,$80 Million
09/18/2019,14 19 39 47 51,15,$70 Million
09/14/2019,11 27 31 36 67,11,$60 Million
09/11/2019,6 17 24 53 57,3,$50 Million
09/07/2019,11 20 41 42 56,6,$40 Million
09/04/2019,4 8 30 52 59,2,$80 Million
08/31/2019,14 41 50 56 57,18,$70 Million
08/28/2019,9 32 37 41 56,14,$60 Million
08/24/2019,5 12 20 21 47,1,$50 Million
08/21/2019,12 21 22 29 32,21,$40 Million
08/17/2019,18 21 24 30 60,20,$148 Million
08/14/2019,10 13 30 51 69,10,$138 Million
08/10/2019,35 41 44 58 59,3,$123.8 Million
08/07/2019,8 32 47 53 59,3,$113.3 Million
08/03/2019,3 6 45 66 68,13,$100 Million
07/31/2019,14 37 47 55 67,6,$88 Million
07/27/2019,1 19 31 48 61,6,$75.8 Million
07/24/2019,22 29 35 53 56,13,$63 Million
07/20/2019,5 26 36 64 69,19,$51.7 Million
07/17/2019,19 43 47 60 68,10,$40 Million
07/13/2019,13 23 32 35 68,21,$198 Million
07/10/2019,7 9 26 44 68,3,$178.4 Million
07/06/2019,4 8 23 46 65,1,$164.5 Million
07/03/2019,40 43 45 50 61,25,$150.3 Million
06/29/2019,13 17 24 59 62,8,$136.4 Million
06/26/2019,1 5 16 22 54,24,$123 Million
06/22/2019,3 6 11 14 66,21,$108.7 Million
06/19/2019,4 18 21 26 38,1,$93.6 Million
06/15/2019,8 11 14 16 49,14,$80.2 Million
06/12/2019,5 35 38 42 57,13,$65.9 Million
06/08/2019,9 13 42 48 60,18,$53.8 Million
06/05/2019,17 23 28 34 38,8,$40 Million
06/01/2019,6 15 34 45 52,8,$344.6 Million
05/29/2019,3 32 34 42 61,7,$327.3 Million
05/25/2019,1 2 39 43 66,2,$306.8 Million
05/22/2019,7 10 20 44 57,3,$287.7 Million
05/18/2019,2 10 25 66 67,26,$269.3 Million
05/15/2019,7 17 33 61 68,4,$250.3 Million
05/11/2019,6 8 9 37 40,26,$232.7 Million
05/08/2019,1 45 53 64 66,3,$216.2 Million
05/04/2019,6 16 23 30 61,2,$199.5 Million
05/01/2019,5 23 28 56 66,17,$181.5 Million
04/27/2019,2 29 41 45 62,6,$166 Million
04/24/2019,6 32 35 36 65,4,$149.3 Million
04/20/2019,3 27 30 63 65,1,$134.6 Million
04/17/2019,1 15 17 46 66,15,$119.5 Million
04/13/2019,4 17 26 32 49,10,$103.5 Million
04/10/2019,12 21 23 39 67,6,$85.4 Million
04/06/2019,15 33 43 59 60,8,$70.9 Million
04/03/2019,16 19 25 32 49,18,$54.3 Million
03/30/2019,21 52 54 64 68,4,$40 Million
03/27/2019,16 20 37 44 62,12,$768.4 Million
03/23/2019,24 25 52 60 66,5,$638.8 Million
03/20/2019,10 14 50 53 63,21,$562.1 Million
03/16/2019,30 34 39 53 67,11,$492.1 Million
03/13/2019,18 36 45 47 69,14,$448.2 Million
03/09/2019,5 6 45 55 59,14,$411.3 Million
03/06/2019,6 10 21 35 46,23,$382.1 Million
03/02/2019,1 19 25 27 68,21,$356 Million
02/27/2019,21 31 42 49 59,23,$324.2 Million
02/23/2019,4 6 14 20 32,13,$302.2 Million
02/20/2019,27 49 50 51 52,2,$280.2 Million
02/16/2019,29 30 41 48 64,1,$262.1 Million
02/13/2019,2 8 14 24 69,26,$240.8 Million
02/09/2019,1 2 3 7 39,25,$223.6 Million
02/06/2019,5 13 28 38 63,21,$206.3 Million
02/02/2019,10 17 18 43 65,13,$189.7 Million
01/30/2019,2 12 16 29 54,6,$173.8 Million
01/26/2019,8 12 20 21 32,10,$159.3 Million
01/23/2019,23 25 47 48 50,24,$144.2 Million
01/19/2019,5 8 41 65 66,20,$130.5 Million
01/16/2019,14 29 31 56 61,1,$113.2 Million
01/12/2019,7 36 48 57 58,24,$98 Million
01/09/2019,6 19 37 49 59,22,$81.6 Million
01/05/2019,3 7 15 27 69,19,$68.2 Million
01/02/2019,8 12 42 46 56,12,$54.6 Million
12/29/2018,12 42 51 53 62,25,$40 Million
12/26/2018,5 25 38 52 67,24,$298.3 Million
12/22/2018,21 28 30 40 59,26,$276.7 Million
12/19/2018,15 29 31 37 43,16,$262 Million
12/15/2018,8 38 43 52 55,17,$245 Million
12/12/2018,4 9 21 29 64,26,$228 Million
12/08/2018,14 32 34 46 61,10,$212.1 Million
12/05/2018,9 11 36 37 38,11,$199.4 Million
12/01/2018,10 11 47 55 58,26,$183.6 Million
11/28/2018,4 19 59 68 69,21,$167.4 Million
11/24/2018,11 33 51 56 58,18,$153 Million
11/21/2018,7 14 23 38 55,18,$139.9 Million
11/17/2018,6 8 20 52 68,5,$124 Million
11/14/2018,7 42 49 62 69,23,$106.4 Million
11/10/2018,5 29 34 53 57,24,$90.4 Million
11/07/2018,26 28 34 42 50,25,$73.1 Million
11/03/2018,15 21 24 32 65,11,$57.8 Million
10/31/2018,7 25 39 40 47,20,$40 Million
10/27/2018,8 12 13 19 27,4,$687.8 Million
10/24/2018,3 21 45 53 56,22,$602.5 Million
10/20/2018,16 54 57 62 69,23,$476.7 Million
10/17/2018,3 57 64 68 69,15,$378 Million
10/13/2018,11 14 32 43 65,15,$320 Million
10/10/2018,8 23 27 42 60,7,$287.6 Million
10/06/2018,1 22 27 53 67,15,$262.3 Million
10/03/2018,41 53 59 63 66,3,$232.4 Million
09/29/2018,9 17 34 59 64,22,$213.4 Million
09/26/2018,1 2 7 30 50,8,$195 Million
09/22/2018,24 61 63 64 69,18,$179.4 Million
09/19/2018,4 39 48 50 51,11,$161.4 Million
09/15/2018,2 18 19 24 34,3,$147.5 Million
09/12/2018,6 28 48 63 64,24,$131.5 Million
09/08/2018,3 13 20 32 33,21,$118 Million
09/05/2018,6 15 50 59 60,13,$100.1 Million
09/01/2018,11 54 55 61 66,9,$90 Million
08/29/2018,25 41 53 57 67,12,$80 Million
08/25/2018,20 25 54 57 63,8,$70 Million
08/22/2018,1 7 45 47 69,13,$60 Million
08/18/2018,24 34 52 61 67,16,$50 Million
08/15/2018,12 15 28 47 48,16,$40 Million
08/11/2018,5 43 56 62 68,24,$245.6 Million
08/08/2018,10 21 30 43 63,17,$225.7 Million
08/04/2018,3 11 38 44 58,2,$205.6 Million
08/01/2018,5 22 32 38 58,26,$185.1 Million
07/28/2018,22 27 46 56 65,13,$168.6 Million
07/25/2018,2 18 41 44 64,26,$149.6 Million
07/21/2018,9 23 56 58 68,1,$131.9 Million
07/18/2018,1 10 27 28 36,12,$113.3 Million
07/14/2018,22 41 42 49 67,11,$100 Million
07/11/2018,19 21 27 46 47,7,$90 Million
07/07/2018,1 10 43 45 64,22,$80 Million
07/04/2018,4 7 15 41 44,10,$70 Million
06/30/2018,3 9 20 42 61,24,$60 Million
06/27/2018,7 28 37 62 63,15,$50 Million
06/23/2018,16 29 43 45 56,25,$40 Million
06/20/2018,4 14 23 27 56,13,$150.4 Million
06/16/2018,9 45 57 58 65,9,$136 Million
06/13/2018,13 20 38 45 55,1,$120.7 Million
06/09/2018,6 10 15 25 36,14,$105.1 Million
06/06/2018,23 28 41 53 56,14,$87.9 Million
06/02/2018,23 25 37 44 64,7,$74 Million
05/30/2018,17 23 26 46 68,20,$60 Million
05/26/2018,1 21 31 45 49,21,$50 Million
05/23/2018,20 54 56 61 64,7,$40 Million
05/19/2018,3 6 9 17 56,25,$315.3 Million
05/16/2018,17 19 21 22 51,19,$279.8 Million
05/12/2018,22 42 45 55 56,14,$257.9 Million
05/09/2018,11 16 38 50 69,19,$235 Million
05/05/2018,14 29 36 57 61,17,$214.6 Million
05/02/2018,5 14 31 40 50,6,$195.2 Million
04/28/2018,20 22 28 45 50,8,$177.8 Million
04/25/2018,17 18 39 56 64,12,$158.8 Million
04/21/2018,40 50 54 62 69,19,$142.7 Million
04/18/2018,9 10 12 17 23,9,$124.1 Million
04/14/2018,17 19 26 61 62,15,$107.8 Million
04/11/2018,16 18 27 55 67,18,$89.7 Million
04/07/2018,2 17 20 38 39,20,$74.9 Million
04/04/2018,8 24 42 54 64,24,$60 Million
03/31/2018,8 24 52 55 61,21,$50 Million
03/28/2018,6 8 26 52 53,21,$40 Million
03/24/2018,10 33 45 53 56,24,$55.9 Million
03/21/2018,3 4 18 29 61,25,$40 Million
03/17/2018,22 57 59 60 66,7,$456.7 Million
03/14/2018,6 12 24 41 68,9,$417.3 Million
03/10/2018,43 44 54 61 69,22,$380.6 Million
03/07/2018,6 13 19 36 51,18,$346.3 Million
03/03/2018,13 17 25 36 40,5,$318.7 Million
02/28/2018,12 30 59 65 69,16,$294.3 Million
02/24/2018,24 25 38 62 63,6,$271 Million
02/21/2018,7 15 31 34 36,8,$245.1 Million
02/17/2018,13 26 39 44 62,2,$225.3 Million
02/14/2018,37 39 44 46 69,26,$203.9 Million
02/10/2018,1 13 27 41 59,20,$185.2 Million
02/07/2018,23 34 35 40 47,10,$164.2 Million
02/03/2018,15 23 27 48 53,6,$148.7 Million
01/31/2018,4 7 14 46 59,22,$128 Million
01/27/2018,17 21 26 47 54,7,$112.5 Million
01/24/2018,5 9 11 33 64,21,$94.4 Million
01/20/2018,26 28 47 49 58,3,$79.4 Million
01/17/2018,3 33 37 51 57,21,$62.4 Million
01/13/2018,14 25 35 58 69,24,$50 Million
01/10/2018,7 24 33 49 50,4,$40 Million
01/06/2018,12 29 30 33 61,26,$559.7 Million
01/03/2018,2 18 37 39 42,12,$460.9 Million
12/30/2017,28 36 41 51 58,24,$390.1 Million
12/27/2017,3 9 16 56 60,3,$340.4 Million
12/23/2017,1 3 13 15 44,25,$309.6 Million
12/20/2017,1 20 61 64 69,20,$272 Million
12/16/2017,9 35 37 50 63,11,$249.1 Million
12/13/2017,2 24 28 51 58,7,$230 Million
12/09/2017,25 36 37 55 60,6,$211.6 Million
12/06/2017,19 20 50 55 62,9,$194.3 Million
12/02/2017,28 30 32 36 58,6,$178.5 Million
11/29/2017,24 26 28 59 63,16,$161.3 Million
11/25/2017,8 13 27 53 54,4,$147.4 Million
11/22/2017,35 37 46 51 61,13,$134.8 Million
11/18/2017,17 28 31 32 39,26,$120.5 Million
11/15/2017,23 32 44 48 50,25,$103.6 Million
11/11/2017,4 6 16 30 56,18,$89.5 Million
11/08/2017,12 14 20 21 34,22,$75.5 Million
11/04/2017,12 14 26 48 51,13,$62.9 Million
11/01/2017,3 6 19 26 44,1,$50.1 Million
10/28/2017,27 35 38 57 66,10,$40 Million
10/25/2017,18 22 29 54 57,8,$191.1 Million
10/21/2017,14 41 42 45 69,4,$174.3 Million
10/18/2017,30 49 54 66 69,8,$156.1 Million
10/14/2017,32 37 56 66 69,11,$141.1 Million
10/11/2017,1 3 13 19 69,23,$127.1 Million
10/07/2017,10 49 61 63 65,7,$112.4 Million
10/04/2017,22 23 62 63 66,24,$95.5 Million
09/30/2017,8 12 25 41 64,15,$81.6 Million
09/27/2017,8 10 21 23 25,22,$66.1 Million
09/23/2017,24 45 55 56 57,19,$53.6 Million
09/20/2017,39 48 53 67 68,26,$40 Million
09/16/2017,17 18 24 25 31,24,$133.2 Million
09/13/2017,17 24 35 57 63,19,$115.5 Million
09/09/2017,6 20 29 57 59,22,$100.3 Million
09/06/2017,8 14 32 58 67,17,$84.8 Million
09/02/2017,6 21 41 52 62,26,$70.5 Million
08/30/2017,19 28 43 67 69,7,$54.3 Million
08/26/2017,7 15 32 38 66,15,$40 Million
08/23/2017,6 7 16 23 26,4,$758.7 Million
08/19/2017,17 19 39 43 68,13,$541.9 Million
08/16/2017,9 15 43 60 64,4,$432.5 Million
08/12/2017,20 24 26 35 49,19,$371.1 Million
08/09/2017,12 30 36 47 62,9,$323.5 Million
08/05/2017,11 21 28 33 45,11,$287.2 Million
08/02/2017,1 16 54 63 69,18,$262.6 Million
07/29/2017,1 28 40 45 48,12,$242.5 Million
07/26/2017,7 19 21 42 69,12,$218.7 Million
07/22/2017,5 32 44 53 60,9,$201.3 Million
07/19/2017,50 51 59 61 63,4,$186.1 Million
07/15/2017,9 40 63 64 66,17,$170.7 Million
07/12/2017,1 2 18 23 61,9,$155 Million
07/08/2017,8 10 29 40 59,26,$140.3 Million
07/05/2017,4 9 16 54 68,21,$123.1 Million
07/01/2017,19 42 45 48 53,16,$109.4 Million
06/28/2017,29 37 46 53 68,8,$91.8 Million
06/24/2017,10 22 32 36 58,10,$78.7 Million
06/21/2017,14 46 61 65 68,13,$65.3 Million
06/17/2017,10 13 32 53 62,21,$53 Million
06/14/2017,5 22 43 57 63,24,$40 Million
06/10/2017,20 26 32 38 58,3,$447.8 Million
06/07/2017,5 21 57 66 69,13,$380.6 Million
06/03/2017,3 9 21 41 54,25,$338 Million
05/31/2017,4 33 39 46 60,6,$304.6 Million
05/27/2017,5 10 28 55 67,9,$274.7 Million
05/24/2017,28 32 33 38 62,15,$249.1 Million
05/20/2017,5 22 45 47 54,3,$226.1 Million
05/17/2017,4 11 39 45 48,9,$205.7 Million
05/13/2017,17 20 32 63 68,19,$185.1 Million
05/10/2017,29 31 46 56 62,8,$166.1 Million
05/06/2017,11 21 31 41 59,21,$149.2 Million
05/03/2017,17 18 49 59 66,9,$131.1 Million
04/29/2017,22 23 24 45 62,5,$115.4 Million
04/26/2017,1 15 18 26 51,26,$100 Million
04/22/2017,21 39 41 48 63,6,$90 Million
04/19/2017,1 19 37 40 52,15,$80 Million
04/15/2017,5 22 26 45 61,13,$70 Million
04/12/2017,8 14 61 63 68,24,$60 Million
04/08/2017,23 36 51 53 60,15,$50 Million
04/05/2017,8 20 46 53 54,13,$40 Million
04/01/2017,9 32 36 44 65,1,$60 Million
03/29/2017,8 15 31 36 62,11,$50 Million
03/25/2017,18 31 32 45 48,16,$40 Million
03/22/2017,2 9 27 29 42,9,$156.2 Million
03/18/2017,13 25 44 54 67,5,$139.8 Million
03/15/2017,16 30 41 48 53,16,$123.4 Million
03/11/2017,1 26 41 50 57,11,$106.6 Million
03/08/2017,23 33 42 46 59,4,$86.5 Million
03/04/2017,2 18 19 22 63,19,$71.2 Million
03/01/2017,10 16 40 52 55,17,$53.9 Million
02/25/2017,6 32 47 62 65,19,$40 Million
02/22/2017,10 13 28 52 61,2,$435.3 Million
02/18/2017,3 7 9 31 33,20,$361 Million
02/15/2017,5 28 33 38 42,19,$317 Million
02/11/2017,5 9 17 37 64,2,$283.8 Million
02/08/2017,14 20 42 49 66,5,$258.3 Million
02/04/2017,6 13 16 17 52,25,$233.6 Million
02/01/2017,9 43 57 60 64,10,$209.7 Million
01/28/2017,12 20 39 49 69,17,$189.1 Million
01/25/2017,18 28 62 66 68,22,$169.9 Million
01/21/2017,23 25 45 52 67,2,$154.5 Million
01/18/2017,9 40 41 53 58,12,$136.9 Million
01/14/2017,23 55 59 64 69,13,$123 Million
01/11/2017,1 3 13 16 43,24,$105.5 Million
01/07/2017,3 12 24 37 63,10,$90.8 Million
01/04/2017,16 17 29 41 42,4,$80 Million
12/31/2016,1 3 28 57 67,9,$70 Million
12/28/2016,16 23 30 44 58,4,$60 Million
12/24/2016,28 38 42 51 52,21,$50 Million
12/21/2016,25 33 40 54 68,3,$40 Million
12/17/2016,1 8 16 40 48,10,$121.6 Million
12/14/2016,18 26 37 39 66,15,$102.4 Million
12/10/2016,12 21 32 44 66,15,$85.7 Million
12/07/2016,41 48 49 53 64,20,$69.1 Million
12/03/2016,8 10 26 27 33,22,$55.2 Million
11/30/2016,3 14 18 25 45,7,$40 Million
11/26/2016,17 19 21 37 44,16,$420.9 Million
11/23/2016,7 32 41 47 61,3,$374.1 Million
11/19/2016,16 24 28 43 61,21,$333.5 Million
11/16/2016,28 41 61 63 65,7,$294.2 Million
11/12/2016,8 17 20 27 52,24,$270.4 Million
11/09/2016,1 25 28 31 54,2,$236.7 Million
11/05/2016,21 31 50 51 69,8,$217.8 Million
11/02/2016,13 18 37 54 61,5,$199.7 Million
10/29/2016,19 20 21 42 48,23,$183.3 Million
10/26/2016,2 3 16 48 56,24,$164.2 Million
10/22/2016,1 28 33 55 56,22,$150.2 Million
10/19/2016,10 16 38 43 63,23,$136.1 Million
10/15/2016,23 49 57 64 67,20,$122.9 Million
10/12/2016,16 30 34 37 44,16,$106.3 Million
10/08/2016,3 54 61 64 68,9,$92.6 Million
10/05/2016,8 18 27 29 60,15,$80 Million
10/01/2016,2 12 50 61 64,1,$70 Million
09/28/2016,30 38 52 53 62,1,$60 Million
09/24/2016,7 15 20 29 41,22,$50 Million
09/21/2016,1 28 63 67 69,17,$40 Million
09/17/2016,9 19 51 55 62,14,$246.8 Million
09/14/2016,10 11 23 28 31,14,$224.9 Million
09/10/2016,3 17 49 55 68,8,$207.3 Million
09/07/2016,22 23 29 33 55,21,$186.4 Million
09/03/2016,7 39 50 59 67,25,$171.8 Million
08/31/2016,5 10 24 56 61,12,$154.2 Million
08/27/2016,4 32 48 49 63,20,$140.3 Million
08/24/2016,9 11 25 64 65,16,$126.2 Million
08/20/2016,3 6 21 60 68,24,$112.6 Million
08/17/2016,33 44 49 50 52,8,$94.9 Million
08/13/2016,38 44 60 64 69,6,$81.4 Million
08/10/2016,23 56 61 64 67,12,$67.6 Million
08/06/2016,20 33 36 47 52,12,$54.6 Million
08/03/2016,9 11 27 66 67,2,$40 Million
07/30/2016,11 17 21 23 32,5,$487 Million
07/27/2016,10 47 50 65 68,24,$434.8 Million
07/23/2016,5 7 23 35 39,11,$391.1 Million
07/20/2016,6 25 35 58 66,5,$360.9 Million
07/16/2016,11 17 40 50 62,26,$335.5 Million
07/13/2016,3 15 29 54 57,10,$302.5 Million
07/09/2016,10 28 32 61 64,12,$280.8 Million
07/06/2016,2 24 31 57 66,18,$261.3 Million
07/02/2016,10 34 39 59 63,4,$239.2 Million
06/29/2016,23 29 37 60 64,6,$222.5 Million
06/25/2016,3 27 36 56 69,25,$202.9 Million
06/22/2016,14 40 42 43 52,17,$184.2 Million
06/18/2016,2 23 41 53 63,11,$168.3 Million
06/15/2016,4 22 24 31 33,10,$152.6 Million
06/11/2016,20 27 36 41 58,7,$137.6 Million
06/08/2016,12 25 37 60 69,20,$123.6 Million
06/04/2016,16 20 22 43 64,17,$110 Million
06/01/2016,23 30 33 40 69,12,$100 Million
05/28/2016,6 33 34 58 59,12,$90 Million
05/25/2016,11 24 41 59 64,15,$80 Million
05/21/2016,5 7 9 23 32,26,$70 Million
05/18/2016,23 25 39 54 67,11,$60 Million
05/14/2016,13 27 47 64 65,9,$50 Million
05/11/2016,20 32 52 66 69,23,$40 Million
05/07/2016,5 25 26 44 66,9,$429.6 Million
05/04/2016,30 47 57 66 69,3,$361.5 Million
04/30/2016,3 12 16 32 34,14,$314.7 Million
04/27/2016,2 25 33 39 64,17,$282 Million
04/23/2016,19 35 46 59 62,13,$256.9 Million
04/20/2016,12 25 30 52 62,8,$228.1 Million
04/16/2016,3 18 25 32 51,3,$206.3 Million
04/13/2016,30 33 35 38 64,22,$184.6 Million
04/09/2016,14 22 23 41 61,9,$166.6 Million
04/06/2016,4 28 49 60 65,25,$149.7 Million
04/02/2016,9 28 30 40 61,3,$133.2 Million
03/30/2016,24 44 53 55 63,19,$117.1 Million
03/26/2016,11 23 42 52 68,6,$101.6 Million
03/23/2016,5 8 15 22 49,25,$90 Million
03/19/2016,11 23 43 54 60,3,$80 Million
03/16/2016,10 12 13 46 50,21,$70 Million
03/12/2016,11 28 50 57 62,23,$60 Million
03/09/2016,14 23 32 34 68,3,$50 Million
03/05/2016,3 27 34 59 69,19,$40 Million
03/02/2016,12 13 44 52 62,6,$291.4 Million
02/27/2016,10 11 21 22 53,18,$265.3 Million
02/24/2016,21 31 64 65 67,5,$237.8 Million
02/20/2016,11 12 15 16 54,25,$214.8 Million
02/17/2016,7 17 27 29 40,25,$190.1 Million
02/13/2016,7 15 18 19 36,20,$171 Million
02/10/2016,2 3 40 50 62,5,$155.3 Million
02/06/2016,4 13 31 36 52,8,$136.4 Million
02/03/2016,26 28 31 60 67,23,$116.6 Million
01/30/2016,5 12 16 31 43,18,$97.9 Million
01/27/2016,3 12 40 52 67,21,$80.6 Million
01/23/2016,22 32 34 40 69,19,$63.4 Million
01/20/2016,5 39 44 47 69,24,$50 Million
01/16/2016,3 51 52 61 64,6,$40 Million
01/13/2016,4 8 19 27 34,10,$1.5864 Billion
01/09/2016,16 19 32 34 57,13,$947.9 Million
01/06/2016,2 11 47 62 63,17,$528.5 Million
01/02/2016,5 6 15 29 42,10,$355.8 Million
12/30/2015,12 36 38 54 61,22,$301.8 Million
12/26/2015,27 40 44 59 65,20,$261.7 Million
12/23/2015,16 38 55 63 67,25,$232.6 Million
12/19/2015,28 30 41 59 68,10,$204.6 Million
12/16/2015,9 10 32 42 55,6,$180 Million
12/12/2015,2 14 19 30 62,22,$161 Million
12/09/2015,7 10 16 46 56,1,$145.9 Million
12/05/2015,13 27 33 47 68,13,$128.7 Million
12/02/2015,14 18 19 32 64,9,$110 Million
11/28/2015,2 6 47 66 67,2,$100 Million
11/25/2015,16 29 53 58 69,21,$90 Million
11/21/2015,37 47 50 52 57,21,$80 Million
11/18/2015,17 40 41 46 69,6,$70 Million
11/14/2015,14 22 37 45 66,5,$60 Million
11/11/2015,4 26 32 55 64,18,$50 Million
11/07/2015,7 16 25 50 53,15,$40 Million
11/04/2015,2 12 17 20 65,17,$144.1 Million
10/31/2015,9 20 25 47 68,7,$127.5 Million
10/28/2015,4 54 56 62 63,10,$110 Million
10/24/2015,20 31 56 60 64,2,$100 Million
10/21/2015,30 32 42 56 57,11,$90 Million
10/17/2015,48 49 57 62 69,19,$80 Million
10/14/2015,15 20 29 31 40,1,$70 Million
10/10/2015,12 27 29 43 68,1,$60 Million
10/07/2015,18 30 40 48 52,9,$50 Million
